Municipio,Ente,Ouvidor,Telefone,Whatsapp,E-mail,Site,Endereço,Horario de funcionamento
ABAIARA,Prefeitura,Paula Vitória da Silva Moreira,(85) 98869-0116,,ouvidoria@abaiara.ce.gov.br,https://abaiara.ce.gov.br/ouvidoria/,"Rua Expedito Oliveira das Neves, nº 70 – Centro – Abaiara/CE",8h-12h / 13h-17h
ACARAPE,Prefeitura,Thiago Soares Barroso de Freitas,,,ouvidoria@acarape.ce.gov.br,https://acarape.ce.gov.br/ouvidoria,"Rua José Guilherme Costa, s/n - Centro - CEP: 62785-000 – Acarape\CE",8h - 14h
ACARAÚ,Prefeitura,João Mayson Moura Guilherme,(88) 9.9610.6664,,ouvidoria@acarape.ce.gov.br,https://acarau.ce.gov.br/ouvidoria,"Rua Major Coelho, 185 - Centro. Cep: 62.580.000","De Segunda a Quinta de 08:00h às 12:00h e de 14:00h às 17:00h, e Sexta de 08:00 às 14:00h"
ACOPIARA,Prefeitura,SAVIO RUAN DUARTE SOUZA,(88) 9.9721.8838,,ouvidoriaacopiara@gmail.com,https://www.acopiara.ce.gov.br/ouvidoria,"AV. JOSÉ MARQUES FILHO,S/N VILA AROEIRA, CEP: 63560-000",DE SEGUNDA A SEXTA AS 08:00 HS À 14:00 HS
AIUABA,Prefeitura,,(88) 35241253,,aiuabaouvidoria@gmail.com,https://www.aiuaba.ce.gov.br/ouvidoria,"Rua Niceas Arraes, 498, Centro - Aiuaba/CE",DE SEGUNDA A SEXTA AS 08:00 HS À 18:00 HS
ALCÂNTARAS,Prefeitura,,(88) 3640.1033,,,https://esic.alcantaras.ce.gov.br/ouvidoria,"Rua Antunino Cunha, 361 - Centro CEP: 62.120-000 - Alcântaras/CE",
ALTANEIRA,Prefeitura,Antônio Pereira da Silva,(88) 99460-2606,,ouvidoria@altaneira.ce.gov.br,https://www.altaneira.ce.gov.br/ouvidoria,,
ALTO SANTO,Prefeitura,Francisco Wanderson de Oliveira Freitas,(88) 9.2151-4940, (88) 9 2151-4940,ouvidoria@altosanto.ce.gov.br,https://altosanto.ce.gov.br/ouvidoria,"Rua Coronel Simplício Bezerra, 198 - Centro - 62.970-000 | Alto Santo – CE",DE SEGUNDA A QUINTA - DAS 07:00H AS 11:30H E 13:30H AS 17:00H E SEXTA-FEIRA DAS 07:00H AS 13:00H
AMONTADA,Prefeitura,Maria Irisnalda dos Santos,(88)9.9903-3423,(88) 9 9903-3423,ouvidoriaearticulacaoamontada@gmail.com,https://www.amontada.ce.gov.br/ouvidoria,"Avenida General Alípio dos Santos, 1343- Centro - CEP: 62540-000 – Amontada-CE",Segunda a Sexta - 08h às 14h
ANTONINA DO NORTE,Prefeitura,Karina de Araujo Mota,(88) 99344-3507,,ouvidoria.antonina.ce@gmail.com,https://antoninadonorte.ce.gov.br/ouvidoria/,"Rua Coronel Virgílio Távora, s/n - Centro - Antonina do Norte/CE",8h-11h
APUIARES,Prefeitura,Carlos Cesar dos Santos Mesquita,(85) 99263-8824,,gabinete@apuiares.ce.gov.br,https://www.apuiares.ce.gov.br/ouvidoria,"João Honório de Freitas, s/n - Centro - 62.630-000 - Apuiarés/CE",Segunda à Sexta das 08h às 12h I 14h às 17h
AQUIRAZ,Prefeitura,Gabrielle Freitas Marques,(85) 4062-8090 RAM 9188,,ouvidoria@aquiraz.ce.gov.br,https://eouve.com.br/#/ouvidoria,"Rua da Integração, s/n - Centro - Aquiraz/CE",8h-12h / 13h-17h
ARACATI,Prefeitura,Michelle dos Santos Freires,156,,ouvidoriageral@aracati.ce.gov.br,https://aracati.ce.gov.br/ouvidoria,"Prédio anexo à SEFIN - Rua Santos Dumont, 1146 - Farias Brito - Aracati/CE",07:30H ÀS 17:30H Segunda a Quinta-Feira. 08H ÀS 14HS Sexta-feira.
ARACOIABA,Prefeitura,Odelidia Figueiredo de Brito,(85) 99775-9145,,ouvidoriaaracoiaba@gmail.com,https://aracoiaba.ce.gov.br/ouvidoria,"Casa do Cidadao, Av. Santos Dumont, s/n - Centro - Aracoiaba/CE",DE SEGUNDA A SEXTA AS 07:30 HS À 17:00H
ARARENDÁ,Prefeitura,,88 9 9249-9539,,ouvidoria@ararenda.ce.gov.br,https://www.ararenda.ce.gov.br/ouvidoria/246e36c1-fc2b-4979-ab96-ab2b63f812d9/,"Rua Henrique Soares, 477, Centro - Ararendá/CE",Segunda a Sexta das 07:00 às 13:30
ARARIPE,Prefeitura,João Batista da Silva Neto,(88) 98116-1480,,ouvidoria@araripe.ce.gov.br,https://araripe.ce.gov.br/ouvidoria-municipal/,"Prefeitura Municipal | Avenida José Loiola de Alencar, s/n - Araripe/CE",8h-14h
ARATUBA,Prefeitura,,(85) 3329-1444,,pmagabinete02@gmail.com,https://www.aratuba.ce.gov.br/ouvidoria,"Rua Júlio Pereira, 304 - Centro - CEP: 62.762-000 - Aratuba/CE",De Segunda a Sexta -das 07:30 as 11:30h e 13:00 as 17:00h
ARNEIROZ,Prefeitura,,(88) 3419-1020,,ouvidoria@arneiroz.ce.gov.br,https://www.arneiroz.ce.gov.br/home-ouvidoria/,"Praça Joaquim Felipe, 15, Centro - Arneiroz/CE",
ASSARÉ,Prefeitura,,(88) 99656-1118,,ouvidoriamunassare@gmail.com,https://assare.ce.gov.br/ouvidoria,"Rua Doutor Paiva, 415 - Centro - Assaré\CE",
AURORA,Prefeitura,Cintia Gregorio dos Santos,(85) 99684-1509,,ouvidoria@aurora.ce.gov.br,https://aurora.ce.gov.br/ouvidoria,"Av. Antônio Ricardo, Nº 43 - Centro - CEP: 63.360-000 – Aurora/CE",De Segunda à Sexta das 08:00hs às 12:00hs e 13:00hs às 17:00hs
BAIXIO,Prefeitura,,,,ouvidoria@baixio.ce.gov.br,https://www.baixio.ce.gov.br/ouvidoria-sic/,"Praça dos Três Poderes, Centro Adm. Cícero Henrique Brasileiro, S/N - Centro - CEP:63320-000",
 BANABUIU,Prefeitura,Francisco Ferreira do N. N.,(88) 9.9903-1442,,ouvidoria@banabuiu.ce.gov.br,https://esic.banabuiu.ce.gov.br/ouvidoria,"RUA JOAQUIM NOBRE DE OLIVEIRA, Nº 171",
BARBALHA,Prefeitura,PRISCILA JACINTO LEITE FERNANDES TAVORA,(88) 9.9455-1031,(88) 9 9455-1031,ouvidoria@barbalha.ce.gov.br,https://barbalha.ce.gov.br/ouvidoria,"Av. Domingos Sampaio Miranda, nº 715, Buriti, CEP: 63.092-394, Barbalha/CE",08:00 às 12:00 e das 13:00 às 17:00
BARREIRA,Prefeitura,José Hédio Rodrigues Torres Filho,(85) 99438-2293,,ouvidoriageralbarreira@gmail.com,https://www.barreira.ce.gov.br/ouvidoria,"Rua Lúcio Tôrres, s/n - Centro - Barreira/CE",De segunda a sexta das 08:00 hs às 16:00 hs
BARRO,Prefeitura,Jader Fernandes de Melo,(88) 99632-0398,,controladoria@barro.ce.gov.br,https://www.barro.ce.gov.br/ouvidoria,"Rua Firmino Tavares, 246, Centro - Barro/CE",De Segunda a Sexta Feira das 07:00h as 13:00h
BARROQUINHA,Prefeitura,,(88)3623-1137,,ouvidoria@barroquinha.ce.gov.br,https://www.gdic.com.br/modulo/ouvidoria/login/1183490,"Rua 11de maio, 739,centro,Barroquinha, CE",Segunda a Sexta das 8 as 12 e de 14 as 18hs
BATURITÉ,Prefeitura,EMMANUEL JEFFERSON KENNEDY CASTELO BRANCO MOREIRA,(85) 9 91948477,,ouvidoria@baturite.ce.gov.br,https://www.baturite.ce.gov.br/ouvidoria,"Prefeitura de Baturité, Praça da Matriz, s/n - Palácio Entre Rios",Segunda a Sexta de 08:00h às 17:30h
BEBERIBE,Prefeitura,DANIEL BEZERRA FERNANDES VIDAL,(85)99794.5040,,ouvidoria@beberibe.ce.gov.br,https://www.beberibe.ce.gov.br/ouvidoria,"Rua J J Dourado, 349 - Centro Administrastivo - AP 01 - Beberibe/CE",Segunda-feira a Sexta-feira das 7:30h às 12:00h das 13:00h às 16:30h
BELA CRUZ,Prefeitura,Raimundo Ivan Moreira,(88) 9.9615-6583,,ouvidoria@belacruz.ce.gov.br,https://www.belacruz.ce.gov.br/ouvidoria,"RUA 7 DE SETEMBRO, Nº 34 CENTRO, CEP: 62570-000",Segunda à Sexta-Feira - 8h às 12h
BOA VIAGEM,Prefeitura,Maria Cristiane Andre de Sales,(88) 3427 7001,,ouvidoria@boaviagem.ce.gov.br,https://www.boaviagem.ce.gov.br/ouvidoria,PREFEITURA MUNICIPAL DE BOA VIAGEM,8:00 às 12:00h e 14:00 às 18:00h
BREJO SANTO,Prefeitura,Marcos Antonio Nogueira,"(88) 3531-1042  Ramal 215
",88 98162-4323,ouvidoria@brejosanto.ce.gov.br,https://esic.duosoftware.com.br/esicduo-pmbrejo/ouvidoria.xhtml,"Rua Manoel Inácio Bezerra, 192 - Centro - Brejo Santo/CE",Segunda à Sexta das 07:00 hs às 13:00 hs
CAMOCIM,Prefeitura,,(88) 3621-2123 / 3621-0024,,ouvidoria@camocim.ce.gov.br,https://www.participar.com.br/camocim/users/sign_in,,"8h às 14h, de segunda a sexta."
CAMPOS SALES,Prefeitura,,(88) 3533-1801,,ouvidoria@camposales.ce.gov.br,https://www.campossales.ce.gov.br/ouvidoria,Secretária de Administração e Finanças,De segunda a sexta as 08:00 hs à 12:00
CANINDÉ,Prefeitura,Claudia Silvestre,,,claudiasilvestreouvidoria@gmail.com,https://www.caninde.ce.gov.br/ouvidoria,Largo Xavier de Medeiros s/n Bairro - Imaculada Conceição,Segunda a Sexta - 7:30 às 13:30
CAPISTRANO,Prefeitura,Raimundo Araujo Sousa,"85 992043747
",,ouvidoria@capistrano.ce.gov.br,https://www.capistrano.ce.gov.br/ouvidoria,"Praça: Major José Estelita de Aguiar, S/N - Centro - CEP: 62.748-000 - Capistrano/Ceará",De Segunda á Sexta Das 08:00hs às 13:00hs
CARIDADE,Prefeitura,,(85) 3324-1111,,,https://www.caridade.ce.gov.br/ouvidoria,"Av: Coronel Francisco Linhares, Nº 250 - Centro - CEP: 63.730-000 - Caridade/CE",De Segunda à Sexta das 08:00hs às 15:00hs
CARIRÉ,Prefeitura,Maria Cesar Martins Silva,(88) 36461133,,ouvidoria@carire.ce.gov.br,https://www.carire.ce.gov.br/ouvidoria,"Praca Elísio Aguiar, 141 - Centro - CEP: 62.184-000 - Cariré\CE",De segunda a sexta de 08:00 hs às17:00 hs
CARIRIAÇU,Prefeitura,,(88) 3547-1122,,prefeituramcaririacu@hotmail.com,https://www.caririacu.ce.gov.br/ouvidoria,"Parque Recreio, S/N - Paraiso - CEP: 63.220-000 - Caririaçu/CE",De Segunda à Sexta das 08:00hs às 14:00hs
CARIÚS,Prefeitura,,(88)9990-33364,,ouvidoriacarius@gmail.com,https://www.gdic.com.br/modulo/ouvidoria/login/1205489,"Rua Raul Nogueira, s/n, Centro - Cariús/CE",7:30 às 11:30 de 13:00 ás 17:00 HORAS
CARNAUBAL,Prefeitura,JOÃO PAULO MARQUES BRITO,,,,https://www.carnaubal.ce.gov.br/ouvidoria,,
CASCAVEL,Prefeitura,Patricia Virgina da Costa,(85) 3334-2840,,ouvidoria@cascavel.ce.gov.br,https://www.cascavel.ce.gov.br/ouvidoria,AV CHANCELER EDSON QUEIROZ Nº 2050,De Segunda á Sexta 7:30 às 12:00 e 13:30 às 17:00
CATARINA,Prefeitura,Raimundo Graciliano Chaves de Almeida,(88) 3556-1167,,ouvidoria.pmcatarina@gmail.com,https://www.catarina.ce.gov.br/ouvidoria,Rua José Rodrigues Pereira Neto - 280 - Três Poderes - CEP: 63.595-000 - Catarina/CE,De Segunda a Sexta - de 13:00h às 17:00h
CATUNDA,Prefeitura,,,,,https://catunda.ce.gov.br/ouvidoria/948e72df-a933-4630-8b2e-c3a427bf8184/,,
CAUCAIA,Prefeitura,,,,,https://ouvidoria.caucaia.ce.gov.br/login,,
CEDRO,Prefeitura,PRICILA RIBEIRO FERREIRA MOREIRA,(88) 9.9691-6575,,ouvidoria@cedro.ce.gov.br,https://www.cedro.ce.gov.br/ouvidoria,"Sala da Ouvidoria - Rua Cel. Luiz Felipe, 299",De segunda a sexta das 07:00 hs às 11:00hs e dás12:00hs ás 16:00 hs
CHAVAL,Prefeitura,,(88) 3625-1330,,ouvidoria@chaval.ce.gov.br,https://www.gdic.com.br/modulo/ouvidoria/login/1218489,"Rua Ten. Manoel Olímpio, 1060,Centro,Chaval, CE",08:00 às 13:00hs
CHORÓ,Prefeitura,MARIA LUCIANA BERNARDINO ALVES,,,ouvidoria@choro.ce.gov.br,https://www.choro.ce.gov.br/ouvidoria,"Rua Cel. João Paracampos, 1410 - Alto do Cruzeiro - CEP: 63950-000 - CHORO\CE",Segunda a Quinta - 08:00 a 12:00h 14:00h a 17:00 Sexta - 08h às 13:00
CHOROZINHO,Prefeitura,,,,ouvidoria@chorozinho.ce.gov.br,https://www.chorozinho.ce.gov.br/link?link=https:%2F%2Fwww.gdic.com.br%2Fmodulo%2Fouvidoria%2Flogin%2F1222487?clean=true,"Av. Raimundo Simplício, s/n, Centro - Chorozinho/CE",Seg. à Sex. das 08:00h às 17:00h
COREAÚ,Prefeitura,DOMINGOS TELES CAVALCANTE FILHO,(88)3645-1344,,ouvidoriapalmacoreau@hotmail.com,https://coreau.ce.gov.br/ouvidoria.php,Prefeitura Municipal de Coreaú,Segunda à Sexta das 08:00 as 12:00 e das 14:00 às 17:00
CRATEÚS,Prefeitura,Francisco Elvys da Silva Rodrigues,,,ouvidoria@crateus.ce.gov.br,https://www.crateus.ce.gov.br/ouvidoria,"Galeria Gentil Cardoso, 20, 2º andar, Centro - Crateús/CE",DE SEGUNDA Á SEXTA 7:30 ÀS 13:30
CRATO,Prefeitura,MARIA AGUEDA BRITO LEITE DUARTE,(88)3521-7082,,ouvidoria@crato.ce.gov.br,https://ouvidoria.crato.ce.gov.br/,"Rua José Carvalho, 348 - Centro",DE SEGUNDA A SEXTA DAS 08:00 HS ÀS 17:00 HS
CROATÁ,Prefeitura,,(88) 3659-1164,,ouvidoria@croata.ce.gov.br,https://croata.ce.gov.br/ouvidoria.php,,
CRUZ,Prefeitura,,88 99259-3006,,ouvidoria@cruz.ce.gov.br,https://prefeitura.cruz.ce.gov.br/transparencia-municipal/ouvidoria/,"Praça dos 03 Poderes, SN Aningas - Cruz/CE",
DEPUTADO IRAPUAN PINHEIRO,Prefeitura,Josefa de Oliveira,(88) 9.81258271,,ouvidoriacontroladoria@gmail.com,https://www.irapuanpinheiro.ce.gov.br/ouvidoria,Avenida dos Três Poderes - Nº 75 - Centro - Dep. Irapuan Pinheiro-CE - CEP: 63.645-000,De Segunda à Sexta das 7:30 às 11:30 e 13:00 ás 17:00
ERERÉ,Prefeitura,,,,,https://www.erere.ce.gov.br/ouvidoria,,
EUSÉBIO,Prefeitura,JOCASTA CUNHA VIEIRA,(85) 3360-0050,,ouvidoria@eusebio.ce.gov.br,https://eusebio.ce.gov.br/ouvidoria,"AV. CEL. CÍCERO DE SÁ, Nº 100 - CENTRO - CEP: 61.760-435","De Segunda à Sexta-feira, das 08:00 às 16:00."
FARIAS BRITO,Prefeitura,,"(88) 3544-1223
(88) 3544-1193",,,https://www.fariasbrito.ce.gov.br/ouvidoria/,"ua José Alves Pimentel, nº 87, Bairro: Centro, Farias Brito/Ceará.",.
FORQUILHA,Prefeitura,Jorge Urculino Martins,(88) 9.9450-0748,,ouvidoria@forquilha.ce.gov.br,https://www.forquilha.ce.gov.br/ouvidoria,Ouvidoria Geral do Município - Prefeitura Municipal de Forquilha,De Segunda a Sexta - Das 07:00h às 13:00h
FORTALEZA,Secretaria Municipal de Educação,Cláudia Patrícia,(85) 3459-6767,,ouvidoria@educacao.fortaleza.ce.gov.br,ouvidoria.cgm.fortaleza.ce.gov.br,"Av. Desembargador Moreira, 2875","De segunda a sexta-feira, de 8 às 12 horas e de 13 às 17 horas"
FORTALEZA,Prefeitura,Elda Gomes de Pinho,(85) 3488-2684,,,,"Rua Ildefonso Albano, 2050","De segunda a sexta-feira, de 8 às 17 horas"
FORTALEZA,"Fundação de Ciência, Tecnologia e Inovação",Maria Izabel Cidrão,,,,,"Rua Padre Valdevino, 1040","De segunda a sexta-feira, de 8 às 17 horas"
FORTALEZA,Instituto de Previdência do Município,Mirelle Clemente Mota,(85) 3513-7969,,ouvidoria@ipmfor.ce.gov.br,impfor.ce.gov.br,"Av. da Universidade, 1940","De segunda a sexta-feira, de 8 às 17 horas"
FORTALEZA,Procuradoria Geral do Município,Natália Bezerra,(85) 2018-0211,,ouvidoria@pgm.fortaleza.ce.gov.br,ouvidoria.cgm.fortaleza.ce.gov.br,"Rua Israel Bezerra, 570 - 5º Andar","De segunda a sexta-feira, de 8 às 12 horas e de 13 às 17 horas"
FORTALEZA,Secretaria Municipal dos Direitos Humanos e Desenvolvimento Social,Raquel Almeida,(85) 9184-4766,,ouvidoria.sdhds@sdhds.fortaleza.ce.gov.br,ouvidoria.cgm.fortaleza.ce.gov.br,Rua Padre Pedro de Alencar,"De segunda a sexta-feira, de 8 às 17 horas"
FORTALEZA,Secretaria Municipal de Conservação e Serviços Públicos,Ronaldo,,,ouvidoria.scsp@fortaleza.ce.gov.br,,"Av. Pontes Vieira, 2391","De segunda a sexta-feira, de 8 às 17 horas"
FORTALEZA,Secretaria Executiva Regional V,Josylane de Moura Araújo,156,(85) 98814-4478,ouvidoriageral.cgm@cgm.fortaleza.ce.gov.br,ouvidoria.cgm.fortaleza.ce.gov.br,"Rua Israel Bezerra, 570 - 3º Andar","De segunda a sexta-feira, de 7 às 19 horas"
FORTALEZA,Secretaria Executiva Regional IV,Ana Fabíola Cavalcante Bezerra,156,,ouvidoriageral.cgm@cgm.fortaleza.ce.gov.br,,"Rua Israel Bezerra, 570 - 3º Andar","De segunda a sexta-feira, de 7 às 19 horas"
FORTALEZA,Secretaria Executiva Regional X,Manoela Sousa Garcez Torres,(85) 99955-4444,,manoela.garcez@sr10.fortaleza.ce.gov.br,ouvidoria.cgm.fortaleza.ce.gov.br,"Rua Francisco Glicério, 290 - 1º Andar","De segunda a sexta-feira, de 8 às 12 horas e de 13 às 16 horas"
FORTALEZA,Secretaria de Segurança Cidadã,Samuel Souza Holanda Maurício,(85) 98400-9051,,ouvidoria@sesec.fortaleza.ce.gov.br,,"Av. Jovita Feitosa, 1264 - Parquelândia","De segunda a sexta-feira, de 8 às 17 horas"
FORTALEZA,Autarquia de Urbanismo e Paisagismo (Urbfor),Raquel / Carlos,(85) 99154-3062,,ouvidoria@urbfor.fortaleza.ce.gov.br,,"Av. dos Paroaras, 100 - Passaré","De segunda a sexta-feira, de 8 às 17 horas"
FORTALEZA,Câmara,Jardelson Ramos,(85) 3444-8307,,ouvidoria@cmfor.ce.gov.br,www.cmfor.ce.gov.br,"Rua Tompson Bulcão, 830","De segunda a sexta-feira, de 8 às 17 horas"
FORTIM,Prefeitura,Cintia Rodrigues da Silva,(88) 3413-1053,,ouvidoria@fortim.ce.gov.br,https://www.fortim.ce.gov.br/ouvidoria,"Vila da Paz, 40, Bloco D - Fortim/CE",De Segunda a Sexta das 08:00 hs às 14:00 hrs
FRECHEIRINHA,Prefeitura,,88. 36551200,,ouvidoria@frecheirinha.ce.gov.br,https://www.frecheirinha.ce.gov.br/ouvidoria,Centro Administrativo de Frecheirinha,De Segunda a Sexta das 08h00 às 17h00
GENERAL SAMPAIO,Prefeitura,FRANCISCA LUCIA BEZERRA UCHOA BARBOSA,(85) 3357-1088,(85) 9 8818-9684,ouvidoria@generalsampaio.ce.gov.br,https://www.generalsampaio.ce.gov.br/ouvidoria,"Av. José Severino Filho, 257 - Sagrado Coração de Jesus - General Sampaio/CE",SEGUNDA A SEXTA DAS 08:00 HS ÀS 17:00HS
GRAÇA,Prefeitura,,(88) 3656-1255,,ouvidoria@graca.ce.gov.br,https://www.graca.ce.gov.br/ouvidoria,"Av Jose Candido de Carvalho, Nº 483 - Centro - CEP: 62.365-000 - Graça/CE",SEGUNDA A SEXTA - DAS 07:30 AS 11:30
GRANJA,Prefeitura,David Pereira Rocha,(88) 3624-1155 -Ram 213,(88) 9 8838-8376,ouvidoriagranja@hotmail.com,https://www.granja.ce.gov.br/ouvidoria,"Praça da Matriz, S/N",De segunda a sexta as 08:00 hs à 17:00 hs
GRANJEIRO,Prefeitura,Railla Naiane de Alencar Menezes,,,ouvidoria@granjeiro.ce.gov.br,https://www.granjeiro.ce.gov.br/ouvidoria,"Rua David Granjeiro, 104 - Centro - Granjeiro/CE",8:00 AS 14:00
GROAIRAS,Prefeitura,,,,ouvidoria@groairas.ce.gov.br,https://www.groairas.ce.gov.br/ouvidoria,"Rua Ver. Marcolino Olavo Parente, 720, Centro",De Segunda à Sexta-Feira das 08:00h às 12:00h e de 13:00h às 17:00h
GUAIUBA,Prefeitura,José Telmo Lacerda Diogenes,(85) 99265-8924,(85) 9 9265-8924,guaiuba.ouvidora@gmail.com,https://www.guaiuba.ce.gov.br/ouvidoria,"Rua Pedro Augusto, 53 - Centro - CEP: 61.890-000 - Guaiuba/CE",De Segunda a Sexta das 8:00hs as 14:00hs
GUARACIABA DO NORTE,Prefeitura,,,,,https://www.guaraciabadonorte.ce.gov.br/ouvidoria,,
GUARAMIRANGA,Prefeitura,Francisco Cesarllan de Oliveira Gomes,(85)992606846,,ouvidoria@guaramiranga.ce.gov.br,https://www.guaramiranga.ce.gov.br/ouvidoria,"Rua Joaquim Alves Nogueira, 409 - Centro",Seg. à Sex. | 08:00h às 16:00h
HIDROLÂNDIA,Prefeitura,IZABEL CRISTINA MARTINS GOMES MOURÃO,(88) 3638-1305,,controladoriaeouvidoria.hidro.ce@outlook.com,https://www.hidrolandia.ce.gov.br/ouvidoria,RUA LUIZ CAMELO SOBRINHO,DE SEGUNDA A SEXTA - DAS 7H AS 13H
HORIZONTE,Prefeitura,,85 3336.6078,85 987610270,ouvidoria@horizonte.ce.gov.br,https://www.horizonte.ce.gov.br/ouvidoria/,"Rua Antônio Agostinho da Silva, 27 - Centro - Horizonte/CE","Segunda a sexta-feira
07:30 às 12 horas e 13:30 às 17 horas"
IBARETAMA,Prefeitura,,,,ouvidoria@ibaretama.ce.gov.br,https://www.portalcr2.com.br/ouvidoria/ouvidoria-ibaretama,"Rua Padre João Scopel, nº 53 – Centro - Ibaretama",Horário comercial
IBIAPINA,Prefeitura,Myriam Matias da Silva,(88) 9.8167-7285,,ouvidoria@ibiapina.ce.gov.br,https://www.ibiapina.ce.gov.br/ouvidoria,"Rua Deputado Fernando Melo, S/N - CENTRO - CEP: 62360-000 - IBIAPINA\CE",SEGUNDA A SEXTA DAS 08:00H AS 14:00H
IBICUITINGA,Prefeitura,José Wilker Darly da Silva Goes,(88)9.9425-7091,,ouvidoria@ibicuitinga.ce.gov.br,https://www.ibicuitinga.ce.gov.br/ouvidoria,"Rua Edval Maia da Silva, 16 - Centro - Ibicuitinga/CE",DE SEGUNDA A SEXTA - DAS 08H AS 12H E 14H AS 17H
ICAPUÍ,Prefeitura,ROBERTO FERREIRA DA SILVA,(88) 9 8862-1188,(88) 9 8862-1188,ouvidoria@icapui.ce.gov.br,https://www.icapui.ce.gov.br/ouvidoria,Av. 22 de Janeiro - Secretaria de Administração e Finanças - Icapuí,7:30 às 12h e 13h às 14:30
ICÓ,Prefeitura,TAILANA PEREIRA LIMA NOGUEIRA,(88)3561-1508,,ouvidoria@ico.ce.gov.br,https://www.ico.ce.gov.br/ouvidoria,"Rua Ilidio Sampaio, 2131 - Centro - CEP: 63.430-000 - Icó\CE",DE SEGUNDA A QUINTA 07:30 HS À 11:30 E DE 13:00 AS 17:00 H. SEXTA FEIRA 07:30 HS À 13:00
IGUATU,Prefeitura,,(88)3581.6563,,ouvidoria@iguatu.ce.gov.br,https://www.iguatu.ce.gov.br/link?link=https://www.gdic.com.br/modulo/ouvidoria/login/1272486?clean=true,,seg a sex | 7:30h as 13:30h
INDEPENDÊNCIA,Prefeitura,Layanna Maria Coelho Oliveira Magalhães,(88) 3675-2213,,prefeituradeindependencia2017@outlook.com,https://www.independencia.ce.gov.br/ouvidoria,"Rua Cruzeiro, 244 - Centro - CEP: 63.640-000 - Independência/CE",De segunda á sexta Das 08h00min às 12h00min e de 14h00min às 18h00min
IPAPORANGA,Prefeitura,FRANCISCA MARIA ALVES BERNARDINO,(88) 9 9944-2403,(88) 9 9944-2403,ouvidoria@ipaporanga.ce.gov.br,https://www.ipaporanga.ce.gov.br/ouvidoria,"Rua Franklin José Vieira , 91, Centro - CEP: 62.215-000 - Ipaporanga/CE",07h às 13h
IPAUMIRIM,Prefeitura,Juciclea Gouveia Correia,(88) 3567-1525,,,https://www.ipaumirim.ce.gov.br/ouvidoria,,Segunda a Sexta Feira das 07:30h as 12:00h
IPU,Prefeitura,,(88)36832022,,ouvidoria@ipu.ce.gov.br,https://ipu.ce.gov.br/ouvidoria,Praça Abilio Martins s/n,das 08:00h as 12:00 e 14:00h as 17:00h
IPUEIRAS,Prefeitura,Caio Cesar Linhares Ferreira,,,ouvidoria@ipueiras.ce.gov.br,https://www.ipueiras.ce.gov.br/ouvidoria,"Parque da Cidade Jose Costa Matos, 01, Centro",SEGUNDA A SEXTA - DAS 08:00H AS 12:00H - DE 13:00H AS 16:00H
IRACEMA,Prefeitura,Savio Nero Medeiros Magalhães,(88) 3428-1462,,ouvidoria.iracema.ce@gmail.com,https://www.iracema.ce.gov.br/ouvidoria,Rua Delta Holanda - Nº 19 - Centro - Cep: 62.980-000 - Iracema - CE,De Segunda à Sexta Das 07:00hs às 13:00hs
IRAUÇUBA,Prefeitura,Renata Mendes Ramos,(88) 9.9617-1794,(88) 9.9617-1794,ouvidoria@iraucuba.ce.gov.br,https://www.iraucuba.ce.gov.br/ouvidoria,"Av. Paulo Bastos, 14000 - Centro - CEP: 62620-000 - Irauçuba/CE",DE SEGUNDA Á SEXTA DAS 08:00H ÀS 17:00H
ITAIÇABA,Prefeitura,MARIA MAZARELO GOMES LEGAL,(88) 3410-1112,,ouvidoria@itaicaba.ce.gov.br,https://www.itaicaba.ce.gov.br/ouvidoria,Prefeitura Municipal de Itaiçaba,"de Segunda A Quinta-feira, das 7:30h às 11:30h e das 13h às 17h | Sexta-feira, das 07:30h às 13:00h"
ITAITINGA,Prefeitura,Silvania Ferreira Cartaxo,0800 101 11 70,,ouvidoria@itaitinga.ce.gov.br,https://www.itaitinga.ce.gov.br/ouvidoria,"Rua Manoel de Sousa, 215 - Centro - Itaitinga/CE",Segunda à Sexta de 08 às 12h e 13h às 17:00
ITAPAJÉ,Prefeitura,Raiane Pereira Costa,(85) 3346-2261,,ouvidoria@itapaje.ce.gov.br,https://www.itapaje.ce.gov.br/ouvidoria,"Av. Antônio Pereira de Melo, 353 - Itapajé/CE",das 08:00 às 12:00 | 14:00 às 17:00
ITAPIPOCA,Prefeitura,Altonia Azevedo Rogério Primo,88 3631-5950,,faleconosco@itapipoca.ce.gov.br,https://www.itapipoca.ce.gov.br/ouvidoria,Av. Anastácio Braga n 195 - Centro Itapipoca/CE,DE SEGUNDA A SEXTA FEIRA DE 08:00H AS 18:00H.
ITAPIUNA,Prefeitura,Aurelio de Oliveira Souza,(88)3431-1210,,,https://www.itapiuna.ce.gov.br/ouvidoria,"Av. São Cristovão, 15 - Centro - Itapiúna/CE",DE SEGUNDA A SEXTA DAS 08:00 ÀS 17:00hs.
ITAREMA,Prefeitura,Kaline Mariele Santana Monteiro,(88) 9.8885-5179,,ouvidoria@itarema.ce.gov.br,https://www.itarema.ce.gov.br/ouvidoria,"Praça Nossa Senhora de Fátima, N° 48, Centro, Itarema-CE | CEP: 62.590-000",De segunda a sexta de 08:00 hs às 12:00 hs.
ITATIRA,Prefeitura,Sergio Paulo de Carvalho Prado,(88) 3436-1044,,prefeitura_itatira@hotmail.com,https://www.itatira.ce.gov.br/ouvidoria,"RUA PADRE JOSÉ LAURINDO nº 1249 PAÇO MUNICIPAL, , ITATIRA",Segunda a Sexta - Feira de 08:00 hrs às 14:00 hrs
JAGUARETAMA,Prefeitura,FERNANDO ITALO BORGES DIOGENES,(88) 8133.6960,,ouvidoria@jaguaretama.ce.gov.br,https://www.jaguaretama.ce.gov.br/ouvidoria,Rua Tristão Gonçalves - Nº 185 - Centro - Cep : 63.480-000 - Jaguaretama - CE,Segunda à quinta das 08:00 às 12:00 - 14:00 às 17:00 / Sexta - 08:00 às 14:00
JAGUARIBARA,Prefeitura,,(88) 3568-4534,,ouvidoria@jaguaribara.ce.gov.br,https://www.jaguaribara.ce.gov.br/ouvidoria/12df7304-8433-450f-bdc3-746948b4301a/,"AV. BEZERRA DE MENEZES, 350",Seg. à Qui. 07h30 às 11h30 - 13h às 17h e Sex. 07h30 às 12h30
JAGUARIBE,Prefeitura,Anna Susy Saldanha Freire,(88) 9.3300-2638,,ouvidoria@jaguaribe.ce.gov.br,https://www.jaguaribe.ce.gov.br/ouvidoria,"Rua Maria Nizinha Campelo, 341",SEGUNDA A QUINTA - DAS 07:30 AS 12:00 E 13:30 AS 17:00 / SEXTA - DAS 07:30 AS 13:30
JAGUARUANA,Prefeitura,Marcos Paulo Mendonça Soares,(88) 3418-1288,,ouvidoria@jaguaruana.ce.gov.br,https://www.jaguaruana.ce.gov.br/ouvidoria,"Praça: Adolfo Francisco da Rocha, Nº 404 - Centro - CEP: 62.823-000 - Jaguaruana/CE",De Segunda à Sexta Das 07:00hs às 13:00hs
JARDIM,Prefeitura,Thamires Clemente Tenorio,(88) 3481-7445,,ouvidoria@jardim.ce.gov.br,https://www.jardim.ce.gov.br/ouvidoria,"Rua Leonel Alencar, 370, Centro, Jardim/CE",Segunda a Sexta das 08:00 as 16:00hs
JATI,Prefeitura,,(88) 3575-1188,,ouvidoriajati@gmail.com,https://jati.ce.gov.br/ouvidoria/,,De Segunda à Sexta das 8:00 hs às 13:00 hs
JIJOCA DE JERICOACOARA,Prefeitura,ELISA MARIA FONSECA RIBEIRO,(88) 3669-1180,,ouvidoria@jijocadejericoacoara.ce.gov.br,https://www.jijocadejericoacoara.ce.gov.br/ouvidoria,"AV. Manoel Marques, Centro s/n",Segunda á Sexta-Feira 08:00hs ás 14:00hs
JUAZEIRO DO NORTE,Prefeitura,MARIA EDUARDA LIMA DIOGO,8831990464,(88) 9 3199-0464,ouvidoria@juazeiro.ce.gov.br,https://juazeirodonorte.ce.gov.br/ouvidoria,"Rua Interventor Francisco Erivano Cruz, Nº 120 - Centro - CEP: 63.010-015",SEGUNDA A SEXTA DAS 08:00H ÁS 17:00H
JUCÁS,Prefeitura,,,,,https://jucas.ce.gov.br/ouvidoria/,,
LAVRAS DA MANGABEIRA,Prefeitura,Samuel Pinheiro Sobral,(88) 99719-1427,(88) 99719-1427,ouvidoria.lavrasce@gmail.com,https://www.lavrasdamangabeira.ce.gov.br/ouvidoria,Elisbão de Almeida Crispim,Seg a Sex | 8:00h às 12:00h - 14:00h às 17:00h
LIMOEIRO DO NORTE,Prefeitura,DARA JOANA ALMEIDA DE LIMA,,,ouvidoria@limoeirodonorte.ce.gov.br,https://www.limoeirodonorte.ce.gov.br/ouvidoria,"Rua Cel. Antonio Joaquim, 2121 - Centro - Limoeiro do Norte",Segunda a Sexta das 07:00hs as 13:00hs
MADALENA,Prefeitura,,,,,https://www.madalena.ce.gov.br/ouvidoria,,
MARACANAÚ,Prefeitura,Janaina de Oliveira Albuquerque,3521-5891,,ouvidorageral@maracanau.ce.gov.br,https://www.maracanau.ce.gov.br/ouvidoria-geral-do-municipio/#manifestacao,"Rua Edson Queiroz, 270 - Centro - Maracanaú/CE",Segunda a quinta 08h às 12h e 13h às 16h Sexta-feira 08h às 14h
MARANGUAPE,Prefeitura,Luiz Guilherme Oliveira Souza,85991811280,,,https://maranguape.ce.gov.br/,"R. Cel. Manuel Paula, vizinho ao 472 A","De segunda à sexta, 8h às 14h."
MARCO,Prefeitura,Taynan Fernandes da Silva,(88) 3664-1415,,ouvidoria@marco.ce.gov.br,https://marco.ce.gov.br/ouvidoria,"Av. Prefeito Guido Osterno, S/N - Centro - CEP: 62.560-000",Segunda à Sexta das 07:00 às 12:00 | 13:30 às 16:30
MARTINÓPOLE,Prefeitura,,88 3627-1300,,ouvidoria@martinopole.ce.gov.br,https://www.martinopole.ce.gov.br/ouvidoria,"AV CAPITÃO BRITO, S/N - CENTRO",Segunda à quinta das 08h00 às 12h00 - 14h00 às 17h00/ Sexta das 08h00 às 14h00
MASSAPÊ,Prefeitura,Suely Andrade de Lima,(88) 9 9279-2630,(88) 9 9279-2630,ouvidoria@massape.ce.gov.br,https://www.massape.ce.gov.br/ouvidoria,"RUA MAJOR JOSÉ PAULINO, Nº 191",DE SEGUNDA A SEXTA DAS 07:00 AS 13:00H
MAURITI,Prefeitura,ISABEL KAROLAYNE MOREIRA DE LIMA,(88) 99632-8227,(88) 99632-8227,ouvidoria@mauriti.ce.gov.br,https://www.mauriti.ce.gov.br/ouvidoria,"AV. SENHOR MARTINS DE MORAIS, S/N - BELA VISTA",DE SEGUNDA A SEXTA AS 08:00 HS À 14:00 HS
MERUOCA,Prefeitura,CRISTIANE PAULO MAGALHAES,(88) 3649-1136,,ouvidoria.meruoca@meruoca.ce.gov.br,https://www.meruoca.ce.gov.br/ouvidoria,"Avenida. Pedro Sampaio, Nº 385 - Divino Salvador - CEP: 62.130-000 - Meruoca/CE",De Segunda á Sexta Das 08:00 as 14:00 horas
MILAGRES,Prefeitura,Anna Aponisia Felix dos Santos Ribeiro,(88) 35531255,,ouvidoria@milagres.ce.gov.br,https://www.milagres.ce.gov.br/ouvidoria,PREFEITURA MUNICIPAL DE MILAGRES,Segunda a Sexta de 7:30 as 13:30hrs
MILHÃ,Prefeitura,FRANCISCO SIVANDO PINHEIRO,(88) 9 9665-0508,(88) 9 9665-0508,ouvidoriageralmilha@gmail.com,https://www.milha.ce.gov.br/ouvidoria,"Av. Pedro José de Oliveira, Nº 406 - Centro - CEP: 63635-000 - Milhã/CE",De segunda a sexta - 8:00h às 12:00h E 13:00h às 17:00h
MIRAÍMA,Prefeitura,Antonia Maria Alves Pinheiro Pinto,(88) 36391167,,ouvidoria@miraima.ce.gov.br,https://www.miraima.ce.gov.br/ouvidoria,ESPLANADA DA ESTAÇÃO,SEGUNDA A SEXTA: 07h às 13h
MISSÃO VELHA,Prefeitura,Regilânio Macedo,,,controladoriaeouvidoria@missaovelha.ce.gov.br,https://missaovelha.ce.gov.br/secretarias/secretaria-controladoria-e-ouvidoria-geral/,"Paço Municipal Sebastião Pereira Cruz
Rua José leite landim Júnior, 64 Centro - Missão Velha/CE",8hs às 14hs
MOMBAÇA,Prefeitura,ANA KAROLINE GOMES CAVALCANTE,(88) 9 8858-9996,(88) 9 8858-9996,ouvidoria@mombaca.ce.gov.br,https://www.mombaca.ce.gov.br/ouvidoria,RUA DONA ANÉSIA CASTELO 01 - ALTOS,de Segunda a Sexta 08:00 as 12:00 e das 14:00 as 17:00
MONSENHOR TABOSA,Prefeitura,MARIA OLIVIA MARTINS MELO,(88) 3696-1117,,ouvidoriageral@monsenhortabosa.ce.gov.br,https://www.monsenhortabosa.ce.gov.br/ouvidoria,"Praça 07 de Setembro, 15 - Centro - Monsenhor Tabosa/CE",Segunda a Sexta de 08:00 ás 12:00h e das 13:30h ás 17:30h
MORADA NOVA,Prefeitura,KAULA SILVA QUEIROZ,(88)3422-1381,,ouvidoria@moradanova.ce.gov.br,https://www.moradanova.ce.gov.br/ouvidoria,"Av. Manoel Castro, 726, Centro, Morada Nova - CE, 62940-000",De segunda a sexta das 07:00 hs às 13:00 hs
MORAÚJO,Prefeitura,,,,,https://ouvidoria.moraujo.ce.gov.br/esic/manifestacao,,
MORRINHOS,Prefeitura,PAULO ROGERIO DA ROCHA JUNIOR,(88)36651130 ou (88)99638-1122,,ouvidoria@morrinhos.ce.gov.br,https://morrinhos.ce.gov.br/ouvidoria,"Rua Joaquim Coriolano Rocha, Nº 350B, Centro","Seg à Sex, de 08:00h às 13:30h"
MUCAMBO,Prefeitura,,(88) 9 9416-5932,,,https://mucambo.ce.gov.br/ouvidoria/,"Rua Construtor Gonçalo Vidal, SN, Centro, Mucambo CE, CEP: 62170-000",
MULUNGU,Prefeitura,Maria Erivania Lima Alexandre,(85) 3328 1130,,ouvidoria@mulungu.ce.gov.br,https://www.mulungu.ce.gov.br/ouvidoria,"Rua Cel. Justino Café, 136 | Ouvidoria Geral do Município",De Segunda á Sexta das 7:30hs as 11:30hs
NOVA OLINDA,Prefeitura,,,,ouvidoria@novaolinda.ce.gov.br,https://portalmunicipios.com.br/servicos/MenuPrincipal.asp?vMEN_CODIGO=727&vDESTINO=PAGE-OUVIDORIA&vEMP_CNPJ=07536444000195&vORG_CODIGO=2020,"Av. Perimetral Sul, S/N, Centro Nova Olinda - CE",09h às 16h
NOVA RUSSAS,Prefeitura,MAYKON LIMA RIBEIRO,88 3672-1920,,ouvidoria@novarussas.ce.gov.br,https://www.novarussas.ce.gov.br/ouvidoria,"Rua: Padre Francisco Rosa, Nº 1388 - Centro",De Segunda a Quinta das 7:30 às 12:00 (ao público) - 13:30 às 17:00 - Sexta das 08:00hs ás 14:00hs
NOVO ORIENTE,Prefeitura,Antonia Raiane Costa Oliveira,(88) 9 9673-3065,(88) 9 9673-3065,ouvidoria@novooriente.ce.gov.br,https://www.novooriente.ce.gov.br/ouvidoria,"Rua Deocleciano Aragão, 15 - Centro - CEP: 63.740-000 - Novo Oriente/CE",Das 07:00 às 13:00 horas.
OCARA,Prefeitura,Ronyeberson Mendes Galvão,,,ouvidoria@ocara.ce.gov.br,https://www.ocara.ce.gov.br/ouvidoria,Av. Coronel João Felipe,DE SEGUNDA A SEXTA DAS 08:00 AS 12:00 E DE 13:00 AS 17:00
ORÓS,Prefeitura,PAULO MARCIO LIMA BRAGA,,(88) 9 9937-5166,controladoriaeouvidoria@oros.ce.gov.br,https://oros.ce.gov.br/ouvidoria,"Praça Anastácio Maia, 40 - Centro - CEP: 63520-000 - Orós\CE",Segunda à Sexta 07:00h as 11:00h - 13:00h as 17:00h
PACAJUS,Prefeitura,ELISANGELA KELMA RODRIGUES SILVA,85 999851516,85 991871095,ouvidoria@pacajus.ce.gov.br,https://www.pacajus.ce.gov.br/ouvidoria,"Rua Guarany, 600",Segunda a Sexta das 7h30 ás 17h
PACATUBA,Prefeitura,MARIA JOSE SOUZA DOS SANTOS,(85) 99685-9347,(85) 99685-9347,ouvidoria@pacatuba.ce.gov.br,https://pacatuba.ce.gov.br/ouvidoria,"Rua Josué Mateus Figueiredo, 293 - Centro - Pacatuba/CE",DE SEGUNDA A SEXTA DAS 08:00 ÀS 14:00
PACOTI,Prefeitura,José Anilson Alves de Sousa,,,ouvidoria@pacoti.ce.gov.br,https://www.pacoti.ce.gov.br/ouvidoria,"Rua Praça Coronel José Cícero Sampaio, Nº 663 - Centro - CEP: 62.770-000 - Pacoti/CE",De Segunda a Sexta Das 08:00hs às 17:00hs
PACUJÁ,Prefeitura,ANTONIO RONY FARIAS ALVES,,,ouvidoria@pacuja.ce.gov.br,https://www.pacuja.ce.gov.br/ouvidoria,"Rua: 22 De Setembro, Nº 325 - Centro - CEP:62.180-970 - Pacuja/CE",de segunda a sexta das 8h a 12h
PALHANO,Prefeitura,FRANCISCO OZAIR DE LIMA,(88)34151050,,ouvidoria@palhano.ce.gov.br,https://www.palhano.ce.gov.br/ouvidoria,Prefeitura Municipal de Palhano,DE SEGUNDA A SEXTA AS 07:00 HS À 13:00 HS
PALMÁCIA,Prefeitura,JOSÉ AÉCIO SILVEIRA PINHEIRO,,,ouvidoria@palmacia.ce.gov.br,https://www.palmacia.ce.gov.br/ouvidoria,"PRAÇA 07 DE SETEMBRO, 653",De Segunda a Sexta das 8:00h as 12:00 e de 13:00h as 17:00h
PARACURU,Prefeitura,,(85) 981264203,,ouvidoria@paracuru.ce.gov.br,https://www.paracuru.ce.gov.br/ouvidoria,"Rua Cel. Meireles, 07 - Centro - Paracuru/CE",08:00 as 14:00 de Segunda a Sexta
PARAIPABA,Prefeitura,Fernanda Keyla Barroso de Sousa,(85) 98107-2681,,ouvidoria@paraipaba.ce.gov.br,https://www.paraipaba.ce.gov.br/ouvidoria,"Rua Joaquim Braga, s/n - Centro - CEP:62.685-000 - Paraipaba/CE","De segunda a sexta, de 08:00hs às 14:00hs"
PARAMBU,Prefeitura,,,,,https://parambu.ce.gov.br/fala-parambu/cadastro-cidadao,,
PARAMOTI,Prefeitura,Maria Cydalia Barbosa Gama,(85) 9.9262-6315,,ouvidoria@paramoti.ce.gov.br,https://www.paramoti.ce.gov.br/ouvidoria,"Rua: Santa Ana, Nº 64 - Centro - CEP: 62.736-000 - Paramoti/CE",SEGUNDA À SEXTA DAS 07:00HS ÀS 13:00 HS
PEDRA BRANCA,Prefeitura,ANTONIA KAROL BARBOSA SOARES,(88)9.9927-9421,,ouvidoria@pedrabranca.ce.gov.br,https://www.pedrabranca.ce.gov.br/ouvidoria,"RUA JOSÉ JOAQUIM DE SOUSA, nº 10 CENTRO, CEP: 63630-000, PEDRA BRANCA -CE",De Segunda a Sexta8:00 as 12:00 e de 14:00 as 17:00
PENAFORTE,Prefeitura,,,,,https://penaforte.ce.gov.br/,,
PENTECOSTE,Prefeitura,CAMILLA MOURA AZEVEDO,,,OUVIDORIA DESATIVADA?,https://www.pentecoste.ce.gov.br/ouvidoria,,"Segunda à Sexta - 7h30 às 11h30 e 13h30 às 17h

"
PEREIRO,Prefeitura,MARIA SANDRA PEREIRA,(88) 99930-7625,(88) 99930-7625,ouvidoria@pereiro.ce.gov.br,https://www.pereiro.ce.gov.br/ouvidoria,"Rua Marta Silveira Maciel, 04, Centro - Pereiro-CE",De segunda a sexta-feira das 07:00 as 11:00 hs e das 13:00 as 17:00 hs
PINDORETAMA,Prefeitura,FRANCISCO COSTA MONTEIRO,3375-1427,,ouvidoria@pindoretama.ce.gov.br,https://pindoretama.ce.gov.br/ouvidoria,,Seg. a Sex. de 8h às 14h
PIQUET CARNEIRO,Prefeitura,LUIZ ROBERTO PESSOA AIRES FILHO,(88) 3516-1800: 88.996670,,ouvidoria@piquetcarneiro.ce.gov.br,https://www.piquetcarneiro.ce.gov.br/ouvidoria,Praça Mariano Aires S/N - Centro - CEP: 63.605-000 - Piquet Carneiro\CE,De Segunda à Sexta das 07:30hs às 13:30hs
PIRES FERREIRA,Prefeitura,,(88) 3651-1081,,ouvidoria@piresferreira.ce.gov.br,https://www.piresferreira.ce.gov.br/ouvidoria.php,"RUA MARIA ANTUSA SOARES PASSOS, s/n
CENTRO
PIRES FERREIRA-",Segunda à Sexta-Feira de 08:00hs às 17:00hs
PORANGA,Prefeitura,ANTONIO VALDIR GOMES LIMA,(88) 3658-1588,(88) 9669-4896,ouvidoria@poranga.ce.gov.br,https://www.poranga.ce.gov.br/ouvidoria,"Av. Doutor Epitácio de Pinho, Anexo, s/n - Eufrasino Neto",DE SEGUNDA A SEXTA DAS 08:00HRS ÀS 14:00HRS
PORTEIRAS,Prefeitura,,,,,https://porteiras.ce.gov.br/ouvidoria/,,
POTENGI,Prefeitura,,,,,https://www.potengi.ce.gov.br/ouvidoria,,
POTIRETAMA,Prefeitura,,(88) 9 9613-2273,,ouvidoria@potiretama.ce.gov.br,https://www.potiretama.ce.gov.br/ouvidoria,"RUA EXPEDITO LEITE DA SILVA, Nº 33 CENTRO, CEP: 62990-000",De segunda a sexta as 08:00 hs à 17:00 hs
QUITERIANOPÓLIS,Prefeitura,Lucas Pereira de Lacerda Cavalcante,(88) 3657-1064,,gabinete@quiterianopolis.ce.gov.br,https://quiterianopolis.ce.gov.br/ouvidoria,"Av. Laurindo Gomes, s/n - Centro - CEP: 63650-000 - Quiterianópolis\CE","Segunda-feira a sexta-feira, de 07:00hs às 12:00hs"
QUIXADÁ,Prefeitura,Daniele de Castro Alves,(88) 9 9920-4550,(88) 9 9920-4550,ouvidoria@quixada.ce.gov.br,https://quixada.ce.gov.br/ouvidoria,"Travessa Jorge Matias Lobo,, s/n,Quixadá, CE","Segunda à Quinta: 08:00 ás 11:30, 13:30 ás 17:30, sexta: 08:00 às 13:30."
QUIXELÔ,Prefeitura,VITORIA MENEZES DE ARAÚJO,,,ouvidoria@quixelo.ce.gov.br,https://www.quixelo.ce.gov.br/ouvidoria,"Av. Luís Vicente da Silva, 30",07:00 ás 13:00
QUIXERAMOMBIM,Prefeitura,Carlos Antonio Chaves Simão,(88) 9 8808-5170,,ouvidoria@quixeramobim.ce.gov.br,https://www.quixeramobim.ce.gov.br/ouvidoria,"Rua Dom Quintino, nº 72, Centro, Quixeramobim - Ceará",Segunda a sexta de 08h às 12h e de 13h ás 17h
QUIXERÉ,Prefeitura,Carla Simone Costa Melo,(85) 40425519,(88) 9 8226-0269,ouvidoria@quixere.ce.gov.br,https://www.quixere.ce.gov.br/ouvidoria,"Rua Padre Joaquim de Menezes, nº 1175, Centro",07:00 AS 13:00 H
REDENÇÃO,Prefeitura,Francisca Wilcilane Barreto Pinheiro,,(85) 9 9180-6553,ouvidoria@redencao.ce.gov.br,https://www.redencao.ce.gov.br/ouvidoria,"Rua Santos Dumont, s/n - Centro - Redenção/CE",08:00 as 14:00
RERIUTABA,Prefeitura,,(88) 3637-2052   ,,ouvidoria@reriutaba.ce.gov.br,https://www.reriutaba.ce.gov.br/ouvidoria.php,,Segunda à Sexta-Feira de 08:00hs às 17:00hs
RUSSAS,Prefeitura,José Almir da Silva Bernardo,(88) 3411.8401,,ouvidoria@russas.ce.gov.br,https://russas.ce.gov.br/ouvidoria,"Av. Dom Lino, 831, Centro",07:300 ÀS 13:30 HORAS
SABOEIRO,Prefeitura,,,,,https://saboeiro.ce.gov.br/ouvidoria,,
SALITRE,Prefeitura,Carlos Antonio Lucio Alencar,,(88) 9 9749-5774,ouvidoria@salitre.ce.gov.br,https://www.salitre.ce.gov.br/ouvidoria,"Sala da Ouvidoria, Praça São Francisco, S/N - Centro - Salitre/CE",DE SEGUNDA A SEXTA DAS 08:00H AS 16:30H
SANTA QUITÉRIA,Prefeitura,RAFAELY MARTINS BARBOSA,(88) 9 8196-0781,(88) 9 8196-0781,ouvidoria@santaquiteria.ce.gov.br,https://www.santaquiteria.ce.gov.br/ouvidoria,"Rua: Professora Ernestina Catunda, Nº 50 - Piracicaba - CEP: 62.280-000 - Santa Quitéria/CE",De Segunda à Sexta-feira de 08 às 12h e das 14 às 17h
SANTANA DO ACARAÚ,Prefeitura,Francisco Igor de Sousa,(88) 9 9744-5732,,ouvidoria@santanadoacarau.ce.gov.br,https://www.santanadoacarau.ce.gov.br/ouvidoria,"Avenida São João, nº 75, Bairro Centro, Santana do Acaraú/CE, CEP: 62150-000",De Segunda a Sexta das 8:00 as 12:00 h
SANTANA DO CARIRI,Prefeitura,,,,,https://falabr.cgu.gov.br/web/home,,
SÃO BENEDITO,Prefeitura,Maria Marcia Coelho Pereira,(88) 3626-1347,,ouvidoria@saobenedito.ce.gov.br,https://www.saobenedito.ce.gov.br/ouvidoria,Sede da Prefeitura Municipal de São Benedito,07:00 às 12:00 e 14:00 às 17:00
SÃO GONÇALO DO AMARANTE,Prefeitura,Erinaldo Moraes Soares,(85) 4042-0752,(85) 4042-0752,ouvidoria@saogoncalodoamarante.ce.gov.br,https://www.saogoncalodoamarante.ce.gov.br/ouvidoria,"R. Ivete Alcântara, 120, Centro, 62.670-000, São Gonçalo do Amarante, CE",Seg à Quinta (7:30 até 17:00) Sex (7:30 até 13:30)
SÃO JOÃO DO JAGUARIBE,Prefeitura,Cirilo Barreira Gomes,,(88) 9 8119-5326,,https://www.saojoaodojaguaribe.ce.gov.br/ouvidoria,"Rua: Cônego Climerio Chaves, Nº 307 - Centro - CEP: 62.965-000 - São João Do Jaguaribe/CE",De Segunda à Sexta das 08:00hs às 14:00hs
SÃO LUIZ DO CURU,Prefeitura,,,,,https://www.saoluisdocuru.ce.gov.br/ouvidoria/a91bfd1d-4d0f-4984-8eb6-efbf8feb7420/,,
SENADOR POMPEU,Prefeitura,Mayara Avles Bezerra,(88) 3449-1243,,ouvidoria@senadorpompeu.ce.gov.br,https://www.senadorpompeu.ce.gov.br/ouvidoria,"Rua: Segismundo Rodrigues, S/N - Centro - Nº 63.600-000 Senador Pompeu/CE",De segunda à quinta de 07h30 às 12h00 e de 13:30h às 17h00. Sexta das 07h30 às 12h30
SENADOR SÁ,Prefeitura,,,,,https://senadorsa.ce.gov.br/,,
SOBRAL,Prefeitura,,,,,https://sobral.ce.gov.br/,,
SOLONÓPOLE,Prefeitura,ILA MARIA PINHEIRO NOGUEIRA SARAIVA,(88) 9 8862-2447,(88) 9 8862-2447,ouvidoria@solonopole.ce.gov.br,https://www.solonopole.ce.gov.br/ouvidoria,"Rua Dr. Queiroz Lima, 330 - Centro - CEP: 63620-000 - Solonópole\CE",Das 07:30h às 11:30 e 13:30h às 17:00h
TABULEIRO DO NORTE,Prefeitura,Raelly Magalhães Lima,,(88) 9 9267-0223,ouvidoria@tabuleirodonorte.ce.gov.br,https://www.tabuleirodonorte.ce.gov.br/ouvidoria,"Rua Padre Clicério, 4605 - São Francisco - CEP: 62960-000 - Tabuleiro do Norte\CE",Segunda a Sexta 07:00 as 13:00
TAMBORIL,Prefeitura,VANESSA MARIA HOLANDA ROSA VASCONCELOS,(88) 99226-6608,,ouvidoriatamboril@gmail.com,https://www.tamboril.ce.gov.br/ouvidoria,"Rua: Germiniano Rodrigues de Farias, s/n - São Pedro - CEP: 63.750-000 - Tamboril/CE",De Segunda a Sexta das 8h às 12h e de 14h às 17h
TARRAFAS,Prefeitura,,,,ouvidoria@tarrafas.ce.gov.br,https://ouvidoria.tarrafas.ce.gov.br/,"Av. Maria Luiza Leite Santos, s/n - Bulandeira - Tarrafas/CE",Segunda a Sexta: 7:30h à 11:30h e 13:00h à 16:00h
TAUÁ,Prefeitura,Harmodia Cavalcanti Gonçalves,88998072540,,ouvidoriatauaouvidoria@gmail.com,https://www.taua.ce.gov.br/ouvidoria,"Rua Setúbal Da paixão, 06 Palácio Quinamuiu centro Administrativo José Fernandes castelo.",DE SEGUNDA A QUINTA FEIRA DAS 07:00H AS 17:00H E SEXTA FEIRA DE 07:00H AS 13:00H
TEJUÇUOCA,Prefeitura,MARIA VALDELUCIA ANDRADE DE SOUSA CARVALHO,(85) 992030335,,ouvidoriapmtj@gmail.com,https://www.tejucuoca.ce.gov.br/ouvidoria,"Mamede Rodrigues Teixeira, nº 489. Centro. Praça Matriz. Tejuçuoca/CE",Seg à Sex. 08:00 às 12:00 e 14:00 as 17:00
TIANGUÁ,Prefeitura,Carlos Alexandre Aguiar de Vasconcelos,(88) 3671-2288,,ouvidoria@tiangua.ce.gov.br,https://www.tiangua.ce.gov.br/ouvidoria,"Avenida Moisés Moita, nº 785",Segunda à Sexta das 08:00 hs às 12:00hs e de 13:30 ás 17:30
TRAIRI,Prefeitura,Maria Gorete Souto Pinto,(85) 9.96018313,,ouvidoriatrairi2021@gmail.com,https://www.trairi.ce.gov.br/ouvidoria,Av. Miguel Pinto Ferreira nº 356,De Segunda a Sexta das 07:30h às 12:30h e das 13:30h às 17:00 h
TURURU,Prefeitura,Andreza Sales Pereira,,,ouvidoria@tururu.ce.gov.br,https://www.tururu.ce.gov.br/ouvidoria,"Rua Francisco Sales, 132 - Centro - CEP: 62655-000 - Tururu\CE",De Segunda a Sexta das 08:00hs às 17:00hs
UBAJARA,Prefeitura,ANDREZA MARIA FERNANDES CESAR,,,,https://www.ubajara.ce.gov.br/ouvidoria,,
UMARI,Prefeitura,Francisco Eduardo Ferreira de Araujo,(85)9.8982-8576,,ouvidoriaumari@gmail.com,https://www.umari.ce.gov.br/ouvidoria,"Rua: 3 Agosto, Nº 200 - Centro - CEP: 63.310-000 - Umari/CE",De Segunda á Sexta feira das 08:00hs às 17:00 hs
UMIRIM,Prefeitura,,(85) 3364-1211,,ouvidoria@umirim.ce.gov.br,https://www.umirim.ce.gov.br/ouvidoria,,Seg. à Sex de 08h às 14h
URUBURETAMA,Prefeitura,RITA LIVYA DE SOUSA ARAÚJO,(85)991812328,,ouvidoria@uruburetama.ce.gov.br,https://www.uruburetama.ce.gov.br/ouvidoria,"PRAÇA SOARES BULCÃO, Nº 196 CENTRO, CEP: 62650-000",De Segunda a Sexta das 8:00 as 14:00
URUOCA,Prefeitura,ALAN LIMA DE SOUSA,(88) 9.92559694,,ouvidoria@uruoca.ce.gov.br,https://uruoca.ce.gov.br/ouvidoria,"Rua João Rodrigues, 173 - Centro - CEP: 62460-000 - Uruoca\CE","De segunda a sexta, das 7:30 às 12:00 e das 14:00 às 17:30"
VARJOTA,Prefeitura,Cloves Ximenes Feijão Filho,(88) 36391344,,ouvidoria@varjota.ce.gov.br,https://www.varjota.ce.gov.br/ouvidoria,"Av. Pres. Castelo Branco, 1744 - Acampamento - CEP: 62265-000 - Varjota\CE",Segunda à sexta de 8h00 às 14h00
VARZEA ALEGRE,Prefeitura,Andrea Fiuza Menezes,(88) 9 99864766,(88) 9 99864766,ouvidoria@varzeaalegre.ce.gov.br,https://www.varzeaalegre.ce.gov.br/ouvidoria,"Rua Dep. Luiz Otacílio Correia,153, Centro. Várzea Alegre - CE",De segunda à sexta das 08h às 14h
VIÇOSA DO CEARÁ,Prefeitura,ADRIANO ROCHA DA SILVA,,,ouvidoria@vicosa.ce.gov.br,https://www.vicosa.ce.gov.br/ouvidoria,"Avenida José Figueira, 615, Bairro São Francisco",Segunda a sexta de 07:30h às 12:00h e de 13:30h às 17:00h
AQUIRAZ,SECRETARIA DA SAÚDE,TATIANA DA SILVA NOGUEIRA,(85) 4062-8090 / ramal 9164,,ouvidoria.saude@aquiraz.ce.gov.br,,AVENIDA SANTOS DUMOND,SEGUNDA A QUINTA DE 08:00 AS 12:00 / 13:00 AS 16:00. SEXTA DE 08:00 AS 12:00
AQUIRAZ,SECRETARIA MUNICIPAL DE TRÂNSITO E TRANSPORTE URBANO,TÁBITA PEREIRA DE FREITAS,(85) 4062-8090 / ramal 9188,,,,RUA DA INTEGRAÇÃO S/N,
ACARAPE,Câmara,FRANCISCA RANIELLY ANDRADE SALES,(85) 3373-1266,,camaraacarape@hotmail.com,https://www.camaraacarape.ce.gov.br/ouvidoria,"Rua José Guilherme Costa, S/N - Centro - CEP: 62.785-000 – Acarape/CE",08:00hs às 14:00hs
ABAIARA,Câmara,,(88) 3558-1399,,,https://camaraabaiara.ce.gov.br/,,
ACARAÚ,Câmara,FRANCISCO JOSÉ DE SOUSA SECUNDO,(88) 3661-1541,,ouvidoria@cmacarau.ce.gov.br,https://cmacarau.ce.gov.br/,"Av. Capitão Diogo Lopes, Nº 53 - Centro - CEP: 62580-000 – Acaraú/CE",De Segunda-Feira a Sexta-Feira dàs 08:00 ÀS 17:00 hrs
ACOPIARA,Câmara,Otacilio Pereira da Silva Neto,(88) 98818-2248,,otaciliopereira163@outlook.com,https://www.camaraacopiara.ce.gov.br/,"Avenida Paulino Félix, 557",De Segunda-Feira a Sexta-Feira dàs 08:00 ÀS 12:00 hrs
AIUABA,Câmara,Lucas Gomes de Sousa,(88)3524-1212,,camaraaiuaba@gmail.com,https://cmaiuaba.ce.gov.br/,Câmara Municipal De Aiuaba,De Segunda à Sexta Das 08:00hs às 12:00hs
ALCÂNTARAS,Câmara,Antonia de Cassia da Silva Maciel,(88)36401144,,camaramunicipaldealcantaras@hotmail.com,https://camaraalcantaras.ce.gov.br/,"Rua Antonio Rocha Freire,S/N-Centro",
ALTANEIRA,Câmara,,8835481168,,contato@altaneira.ce.leg.br,https://www.altaneira.ce.leg.br/,Câmara Municipal De Altaneira,De Segunda à Sexta Das 07:30hs às 13:30hs
ALTO SANTO,Câmara,,(88) 3429-1260,,,https://www.camaraaltosanto.ce.gov.br/,,
AMONTADA,Câmara,Sheila Samia Teixeira Alves,(88) 3636-1414,,,https://camaraamontada.ce.gov.br/,Câmara Municipal de Amontada,
ANTONINA DO NORTE,Câmara,,,,,https://cmantoninadonorte.ce.gov.br/,,
APUIARES,Câmara,Diego Barbosa de Sousa,85991561379,,ouvidoriacamaraapuiares@gmail.com,https://www.camaraapuiares.ce.gov.br/,Câmara Municipal De Apuiarés,
AQUIRAZ,Câmara,,(85) 3361-0171,,,https://cmaquiraz.ce.gov.br/,,
ARACATI,Câmara,,(88) 3421-1144,,,https://www.cmaracati.ce.gov.br/,"Rua Coronel Alexanzito, 448 - CEP: 62800-000, Centro, Aracati/CE","De segunda a sexta-feira
Das 08h às 14h"
ARACOIABA,Câmara,José Herlano Guedes de Queiroz,(85)3337.1636,,herlanoguedes@hotmail.com,https://www.camaraaracoiaba.ce.gov.br/,"Av. Da Independência, Nº 134 - Centro - CEP: 62.750-000 – Aracoiaba/CE",
ARARENDÁ,Câmara,Ellison Bezerra de Sousa,(88) 3633-1166,,ouvidoria@hotmail.com,https://camaradeararenda.ce.gov.br/,Câmara Municipal De Ararendá,07h-12h
ARARIPE,Câmara,,(88) 3530-1246,,camarararipe2020@gmail.com,https://www.cmararipe.ce.gov.br/,,
ARATUBA,Câmara,Marcia de Freitas Leitão, (85) 3329-1227,,camara.aratuba@gmail.com,https://camaraaratuba.ce.gov.br/,"Edifício José de Freitas Filho | Rua Coronel Augusto Cordeiro, Nº 539 - Centro - Araripe/CE",8h-12h
ARNEIROZ,Câmara,,(88) 3419 1111,,,https://camaraarneiroz.ce.gov.br/,,
ASSARÉ,Câmara,,(88)3535-1346,,,https://camaraassare.ce.gov.br/,,
AURORA,Câmara,Anna Vytória Gonçalves Landim,(88) 99949-6708 | (88) 3543-1217,,ouvidoria@camaraaurora.ce.gov.br | ouvidoriaplaurora@gmail.com,https://cmaurora.ce.gov.br/,"Doutor Guedes Martins, s/n - Bairro Araçá - Aurora/CE",
BAIXIO,Câmara,,(88) 99707-4043,,contato@camarabaixio.ce.gov.br | ouvidoria@camarabaixio.ce.gov.br,https://camarabaixio.ce.gov.br/,"Praça dos Três Poderes, Centro Adm. Cícero Henrique Brasileiro, S/N – Centro",
BANABUIU,Câmara,Caio Vitor ,(88) 3426-1212,(88) 99903-1442,ouvidoria@banabuiu.ce.gov.br,https://esic.camarabanabuiu.ce.gov.br/ouvidoria,"Rua: Raimundo Dias , Nº 38 - Centro - CEP: 63.960-000 – Banabuiú/CE",7:30 às 1:30
BARBALHA,Câmara,,(88) 3532-3316 | (88) 3454-5588,,ouvidoria@hotmail.com,https://www.camaradebarbalha.ce.gov.br/,,
BARREIRA,Câmara,Bruna Monte Torres Teixeira,(85) 3331-1277,,,https://camarabarreira.ce.gov.br/,"Rua Felix Pereira, 0920 - Centro - CEP: 62795-000 Barreira\CE",
BARRO,Câmara,,(88) 3554-1013,,cambarro@barro.ce.leg.br,https://www.barro.ce.leg.br/,,
BARROQUINHA,Câmara,,,,,https://www.camarabarroquinha.ce.gov.br/,,
BATURITÉ,Câmara,Francisca Eugência Pinheiro de Paula,8533470193,,camaramunicipaldebaturite@hotmail.com,https://www.camarabaturite.ce.gov.br/,Trav: Cicero Segundo da Costa - Nº 1215 - Centro - CEP: 62760-000 - Baturité – CE,
BEBERIBE,Câmara,,(85) 9.8887-0917 ,,contato@cmbeberibe.ce.gov.br,https://www.cmbeberibe.ce.gov.br/#gsc.tab=0,"Avenida Maria Calado, 0  Centro, Beberibe/CE",
BELA CRUZ,Câmara,Ana Tayline Vasconcelos Teofilo Morais,(88)9.9915-4475,,cmbc2023@hotmail.com,https://www.cmbelacruz.ce.gov.br/,Câmara Municipal De Bela Cruz,
BOA VIAGEM,Câmara,,(88) 98181-1268,,,https://www.camaraboaviagem.ce.gov.br/,,
BREJO SANTO,Câmara,,(88) 3531-1010 | (88) 3531-0447,,,https://camarabrejosanto.ce.gov.br/,,
CAMOCIM,Câmara,Lorrany Vasconcelos Oliveira,88 3621.1429,,ouvidoria@camaracamocim.ce.gov.br,https://www.camaracamocim.ce.gov.br/,"Praça José Severiano Morel , S/N , altos , Centro Camocim /CE",
CAMPOS SALES,Câmara,MILENA RODRIGUES RIBEIRO,,,ouvidoria@cmcampossales.ce.gov.br,https://www.cmcampossales.ce.gov.br/,"Rua Francisco Gomes de souza, n° 190, Centro, Campos sales-CE.",
CANINDÉ,Câmara,,(85) 3343-5012,,,https://cmcaninde.ce.gov.br/,,
CAPISTRANO,Câmara,BENIZIO PEREIRA DOS SANTOS,85 3326 1393,,camaracapistrano@gmail.com,https://www.camaracapistrano.ce.gov.br/,CAMARA MUNICIPAL DE CAPISTRANO,
CARIRÉ,Câmara,FRANCISCA AGUIAR PORTELA,3646 1269,,camaramunicipaldecarire@gmail.com,https://www.camaracarire.ce.gov.br/,Câmara Municipal De Cariré,
CARIDADE,Câmara,,(85)3324-1266,,,https://www.camaracaridade.ce.gov.br/,,
CARIRIAÇU,Câmara,Aldemia de Souza Barros,(88) 3547-1209,,ouvidoria@camaracaririacu.ce.gov.br,https://www.camaracaririacu.ce.gov.br/,Câmara Municipal de Caririaçu,
CARIUS,Câmara,,(88) 99727-5570,,,https://www.camaracarius.ce.gov.br/,,
CARNAUBAL,Câmara,MARIA RAIANE SOUSA RIBEIRO,(88) 36501202,,ouvidoria@camaracarnaubal.ce.gov.br,https://www.camaracarnaubal.ce.gov.br/,"Av. Paulo Sarazate, S/N - Centro - CEP: 63.375-000 - Carnaubal/CE

",
CASCAVEL,Câmara,João Batista Monteiro Uchoa,(85) 2180-8085 / (85) 3334-1141,,,https://cmcascavel.ce.gov.br/,,
CATARINA,Câmara,,(88) 98158-2271,,,https://www.camaracatarina.ce.gov.br/,,
CATUNDA,Câmara,,(88) 99211-4035,,,https://www.camaracatunda.ce.gov.br/,,
CAUCAIA,Câmara,,(85) 3342-1021,,,https://www.cmcaucaia.ce.gov.br/,,
CEDRO,Câmara,JOSE CLERITON COSTA LEITE JUNIOR,(88) 9 9908-4084,,ouvidoria@camaradecedro.ce.gov.br,https://www.camaradecedro.ce.gov.br/,Câmara Municipal de Cedro,
CHAVAL,Câmara,,(88) 3625-1282,,contato@camarachaval.ce.gov.br,https://camarachaval.ce.gov.br/,"Rua Cel. José Porfírio, sn centro, CEP 62420-000, Chaval-Ce",
CHORÓ,Câmara,FRANCISCO ERIVALDO MIGUEL BARBOSA,(88) 34381273,,cmchoro@hotmail.com,https://www.camarachoro.ce.gov.br/,"Rosalina Alves de Araújo, 113 - Alto do Cruzeiro - Choró/CE",
CHOROZINHO,Câmara,,(85) 3319.1475,,camaramunicipaldechorozinho@gmail.com,https://www.camarachorozinho.ce.gov.br/,,
COREAÚ,Câmara,,(88) 98140-4200,,,https://www.cmcoreau.ce.gov.br/,,
CRATEÚS,Câmara,,(88) 3691-3030,,,https://camaracrateus.ce.gov.br/,Rua Carlos Rolim - Crateús/CE,
CRATO,Câmara,Carolaine da Silva Landim Cruz,(88) 3523-2702,,ouvidoria@camaracrato.ce.gov.br,https://www.camaracrato.ce.gov.br/index.xhtml,"Rua Teófilo Siqueira 631, Centro, Crato/CE",
CROATÁ,Câmara,,(88) 3659-1213,,,https://www.camaracroata.ce.gov.br/,,
CRUZ,Câmara,JUVENAL BEZERRIL DA SILVA,(88) 3660-1216,,ouvidoria@cmcruz.ce.gov.br,https://cmcruz.ce.gov.br/,Av. Dep. Amadeu Filomeno - Aningas - Cruz - CE - Cep: 62595-000,
DEPUTADO IRAPUAN PINHEIRO,Câmara,,(88) 98182-3666,,,https://camarairapuanpinheiro.ce.gov.br/,,
ERERÊ,Câmara,GERLIANE OLIVEIRA DE ANDRADE,(88) 988933749,,cme_erere@hotmail.com,https://www.camaraerere.ce.gov.br/,"Av. Padre Daniel, Nº 169 - Centro - CEP: 63.470-000 – Ererê\CE",
EUSÉBIO,Câmara,,(85) 3260-1258,,presidencia@cmeusebio.ce.gov.br,https://cmeusebio.ce.gov.br/,,
FARIAS BRITO,Câmara,,(88)3544-1220,,ouvidoria@camarafariasbrito.ce.gov.br,https://www.camarafariasbrito.ce.gov.br/,"Rua da Independência, 190, Nova Esperança, Farias Brito - CE, 63185-000",
FORQUILHA,Câmara,,,,,https://www.camaraforquilha.ce.gov.br/,,
FORTALEZA,Câmara,,(85) 3444-8300,,,https://www.cmfor.ce.gov.br/home,,
FORTIM,Câmara,,(88)3413-1575,,ouvidoria@cmfortim.ce.gov.br,https://www.fortim.ce.leg.br/,"Shopping Boulevard, Avenida Joaquim Crisóstomo, 1049,Centro,Fortim, CE",
FRECHEIRINHA,Câmara,,(88) 3655-1404,,,https://www.camarafrecheirinha.ce.gov.br/,,
GENERAL SAMPAIO,Câmara,,(85) 3357-1028,,,https://www.camarageneralsampaio.ce.gov.br/,,
GRAÇA,Câmara,,,,,https://www.cmgraca.ce.gov.br/site,,
GRANJA,Câmara,FRANCISCA AMANDA DIAS MOREIRA,88-36240034,,ouvidoria@camaragranja.ce.gov.br,https://www.camaragranja.ce.gov.br/,"Valdemiro Cavalcante, S/N - Centro - CEP: 62.430-000 – Granja/CE",
GRANJEIRO,Câmara,,(88) 3519-1250,,,https://www.camaragranjeiro.ce.gov.br/,,
GROAIRAS,Câmara,,(88) 3647 - 1104,,,https://www.camaragroairas.ce.gov.br/,,
GUAIUBA,Câmara,,(85) 3376-1334,,,https://camaraguaiuba.ce.gov.br/,"Praça Tenente Ivanildo José Nocrato, s/n - Centro - Guaiúba/CE",
GUARACIABA DO NORTE,Câmara,,(88) 3652-2175,,,https://cmguaraciabadonorte.ce.gov.br/,,
GUARAMIRANGA,Câmara,,8533211448,,camara.guaramiranga@gmail.com,https://www.camaraguaramiranga.ce.gov.br/,"Raimundo Nonato da Costa, Nº 021 - Centro - CEP: 62766-000 – Guaramiranga/CE",
HIDROLÂNDIA,Câmara,,(88) 3638-1102,,,https://camarahidrolandia.ce.gov.br/,,
HORIZONTE,Câmara,,85 3336-1130,,contatos@horizonte.ce.leg.br,https://www.horizonte.ce.leg.br/,"Av. Francisco Eudes Ximenes, 123 -
Horizonte/CE",
IBARETAMA,Câmara,,,,,https://camaraibaretama.ce.gov.br/,,
IBIAPINA,Câmara,,(88) 3653-1388,,,https://www.cmibiapina.ce.gov.br/,,
IBICUITINGA,Câmara,,(88) 3425-1032,,,https://cmibicuitinga.ce.gov.br/,,
ICAPUÍ,Câmara,VITOR FERREIRA LIMA,8834321230,,ouvidoria@cmicapui.ce.gov.br,https://cmicapui.ce.gov.br/,Câmara Municipal de Icapuí,
ICÓ,Câmara,ANNA ALICE CARVALHO NUNES,(85) 3025-2726,,ouvidoria@camaraico.ce.gov.br,https://camaraico.ce.gov.br/,Câmara Municipal de Icó,
IGUATU,Câmara,,(88) 3198-0997,,,https://camaraiguatu.ce.gov.br/,,
INDEPENDÊNCIA,Câmara,OTACILIO GOMES VIEIRA JUNIOR,(88) 3675-1538,,esic@camaraindependencia.ce.gov.br,https://www.camaraindependencia.ce.gov.br/,Câmara Municipal de Independência,
IPAPORANGA,Câmara,MARIA LUSANIRA DE OLIVEIRA,(88) 3684-1512,,ouvidoriacamaraipaporanga@gmail.com | camaraipaporanga@gmail.com ,https://www.camaraipaporanga.ce.gov.br/,"Rua Augusto Evaristo, Nº 30 - Centro - CEP: 62.215-000 – Ipaporanga/CE",7h-13h
IPAUMIRIM,Câmara,José Strauss de Sousa Silva Filho,(88) 3567-1525,,camaraipaumirim@gmail.com,https://camaraipaumirim.ce.gov.br/,Rua Cel. Gustavo Lima - 230 - Centro - CEP: 63.340-000,
IPU,Câmara,THASSILLA MARIA SOARES DE OLIVEIRA,(88)36832696,,camaraipu2013@hotmail.com,https://www.cmipu.ce.gov.br/,Câmara Municipal De Ipu,
IPUEIRAS,Câmara,ANA PONTES TAVARES, (88) 3685-1000,,camaramunicipalipueiras@hotmail.com,https://www.camaraipueiras.ce.gov.br/,Rua Coronel Manoel Mourão s/n,
IRACEMA,Câmara,,(88) 3428-1288,,camarairacema@brisanet.com.br,https://www.camarairacema.ce.gov.br/,"Rua: Gevársio Holanda, Nº 1254 - Centro - CEP: CEP: 62.980-00 – Iracema-CE",
IRAUÇUBA,Câmara,,,,,https://www.iraucuba.ce.leg.br/,,
ITAIÇABA,Câmara,,(88) 3410-1178,,cmitaicaba@gmail.com,https://www.itaicaba.ce.leg.br/,"Av. Cel. João Correia, 381,Centro,Itaiçaba, CE",
ITAITINGA,Câmara,MARIA ISABEL SAMPAIO MOREIRA,(85) 3377-1272,,cmitaitinga@gmail.com,https://www.camaraitaitinga.ce.gov.br/,"Rua: João Ferreira Viana, nº 325 - Centro - Itaitinga/CE",
ITAPAJÉ,Câmara,,(85) 3346-0229,,,https://cmitapaje.ce.gov.br/,,
ITAPIPOCA,Câmara,LARA JESSICA VIANA SEVERIANO,(88) 3631-2103,,ouvidoria@camaraitapipoca.ce.gov.br,https://camaraitapipoca.ce.gov.br/,"Rua: Frei Cassiano, Nº 750 - Boa Vista - Cep: 62500-000 – Itapipoca/CE",
ITAPIUNA,Câmara,,(88) 3431.1255,,,https://www.itapiuna.ce.leg.br/,,
ITAREMA,Câmara,Manoel Rosa Filho,(88) 99900-6530,,ouvidoria@camaraitarema.ce.gov.br,https://camaraitarema.ce.gov.br/,"Av. João Batista Rios, s/n - Centro - Itarema/CE",
ITATIRA,Câmara,,(88) 3436-1009,,,https://camaraitatira.ce.gov.br/,,
JAGUARETAMA,Câmara,,(88) 98161-1269,,,https://www.camarajaguaretama.ce.gov.br/,,
JAGUARIBARA,Câmara,RUBENS ARAÚJO ALMEIDA,,,rubensaraujo88@gmail.com,https://camarajaguaribara.ce.gov.br/,,
JAGUARIBE,Câmara,FRANCISCO NORMILTON CAVALCANTE AIRES,88 34545588,,,https://www.camarajaguaribe.ce.gov.br/,,
JAGUARUANA,Câmara,Antônio José de Almeida,88 3418 1276,,,https://cmjaguaruana.ce.gov.br/,Câmara Municipal De Jaguaruana,
JARDIM,Câmara,, (88) 3555-1102,,contato@camarajardim.ce.gov.br,https://www.camarajardim.ce.gov.br/,Câmara Municipal de Jardim,
JATI,Câmara,,(88) 3575-1208,,,https://camarajati.ce.gov.br/,,
JIJOCA DE JERICOACOARA,Câmara,Karlla Eduarda Carvalho Fonteles,(88) 3669-1142,,camarajijoca@hotmail.com,https://www.cmjijocadejericoacoara.ce.gov.br/,"Av. Jericoacoara, Nº 474 - Centro - CEP: 62.598-000 - Jijoca de Jericoacoara/CE",
JUAZEIRO DO NORTE,Câmara,,(88) 2141-9423,,,https://camarajuazeiro.ce.gov.br/,,
JUCÁS,Câmara,Ligiane Lucas Moura,(88) 3517-1221,,ouvidoria@camarajucas.ce.gov.br,https://camarajucas.ce.gov.br/,,8h-17h
LAVRAS DA MANGABEIRA,Câmara,Bruno Jonatas de Araújo Campos Ferreira Pinto,(88) 92148-8412,,contato@camaralavras.ce.gov.br,https://www.camaralavras.ce.gov.br/,"Rua Cel Raimundo Augusto,75 - Centro - Lavras da Mangabeira|CE",
LIMOEIRO DO NORTE,Câmara,Italo Roger Santiago de Matos,(88) 3423-3788,,ouvidoriacmln@outlook.com,https://camaralimoeirodonorte.ce.gov.br/,"Sede da Câmara - Rua: Cel. Malveira , 2266 - Centro - CEP : 62930-000 - Limoeiro do Norte\CE",
MADALENA,Câmara,Debora Rodrigues de Oliveira Cunha,(88) 99235-2290,,ouvidoriamadalena@gmail.com,https://www.camaramadalena.ce.gov.br/,"Av. Antonio Severo de Pinho, nº 400b - Centro CEP:63.860-000 – Madalena-CE",
MARACANAÚ,Câmara,Francisca Francineires Paulo,(85) 3381-1242,,ouvidoria_camara@maracanau.ce.gov.br,https://www.camaramaracanau.ce.gov.br/,Câmara Municipal de Maracanaú,8h-14h
MARANGUAPE,Câmara,,(85) 3341-0030,,,https://camaramaranguape.ce.gov.br/,,
MARCO,Câmara,Maria Zilda Teofila Neta,(88) 3664-1951,,esic@camaramunicipaldemarco.ce.gov.br,https://www.camaramunicipaldemarco.ce.gov.br/,"Rios, S/N, Centro, CEP: 62.560-000",
MARTINÓPOLE,Câmara,,8836271353,,,https://www.camaramartinopole.ce.gov.br/,,
MASSAPÊ,Câmara,,,,,https://camaramassape.ce.gov.br/,,
MAURITI,Câmara,João Nielder Severo de Souza,(88) 3552-1480,,ouvidoria@camarademauriti.ce.gov.br,https://www.camarademauriti.ce.gov.br/,"Rua Tabelião Chagas Sampaio, 517 - Centro - Mauriti/CE",8h-12h
MERUOCA,Câmara,,(88) 3649 - 1219,,,https://camarameruoca.ce.gov.br/,,
MILAGRES,Câmara,,(88) 3553-1381,,camaramilagres@hotmail.com (diz que tá com a caixa de entrada cheia),https://camaramilagres.ce.gov.br/,Câmara Municipal De Milagres,
MILHÃ,Câmara,,(88) 99964-3022,,,https://camaramilha.ce.gov.br/,,
MIRAÍMA,Câmara,MONIQUE MERCIA GOMES CHAGAS,(88)36301101,,camarademiraima@gmail.com,https://www.cmmiraima.ce.gov.br/,Câmara Municipal De Miraíma,
MISSÃO VELHA,Câmara,FRANCISCA VERONICA GOMES MONTEIRO,(88) 99714-2856,,camaramissaovelha@camaramissaovelha.ce.gov.br,https://www.camaramissaovelha.ce.gov.br/,Câmara Municipal de Missão Velha,
MOMBAÇA,Câmara,RAFAEL MARQUES BRAGA,(88) 3583-1504,,ouvidoria@camaramombaca.ce.gov.br,https://camaramombaca.ce.gov.br/ ,,
MONSENHOR TABOSA,Câmara,,(88) 3696-1204,,ouvidoria@cmmonsenhortabosa.ce.gov.br,https://www.cmmonsenhortabosa.ce.gov.br/ ,Câmara Municipal De Monsenhor Tabosa,
MORADA NOVA,Câmara,RAIMUNDA VANESSA GOMES DE FREITAS,88 3422 4925,,ouvidoriacmmn@hotmail.com,https://www.cmmoradanova.ce.gov.br/ ,Câmara Municipal De Morada Nova,
MORAÚJO,Câmara,,(88) 3642-1202,,,https://www.cmmoraujo.ce.gov.br/ ,,
MORRINHOS,Câmara,RORAJLA RIBEIRO DUTRA DOS SANTOS,8836651148,,camaramorrinhos@hotmail.com,https://camaramorrinhos.ce.gov.br/ ,"Rua: José Ibiapina Rocha, S/N - Centro - CEP: 62.550-000 – Morrinhos/CE",
MUCAMBO,Câmara,,,,,https://www.camaramucambo.ce.gov.br/ ,,
MULUNGU,Câmara,,8533281575,,camara.mulungu@yahoo.com.br,https://camaramulungu.ce.gov.br/ ,"PÇ: Coletor Bezerra Borges, S/N - Centro - Cep: 62764-000 – Mulungu/CE",
NOVA OLINDA,Câmara,,(88) 3546.1537,,,https://www.camaranovaolinda.ce.gov.br/ ,,
NOVA RUSSAS,Câmara,,(88) 3672-6371,,,https://cmnovarussas.ce.gov.br/ ,,
NOVO ORIENTE,Câmara,DHIEILA MARIA SOUSA SAMPAIO,(88) 3629-1122,,gpr.cm.novooriente@hotmail.com,https://camaranovooriente.ce.gov.br/ ,"Travessa Francisco Freitas, 1 - Centro - Novo Oriente/CE",
OCARA,Câmara,,(85) 3322-1003,,cmo.ocara@gmail.com,https://cmocara.ce.gov.br/ ,Av. Coronel João Felipe - Centro - Ocara/CE,8h-15h
ORÓS,Câmara,MARILIA SOARES SOUSA,,,ouvidoria@camaraoros.ce.gov.br,https://camaraoros.ce.gov.br/,,
PACAJUS,Câmara,VINICIUS ALVES DA SILVA,(85) 3348-0205,,ouvidoria@camarapacajus.ce.gov.br,https://camarapacajus.ce.gov.br/,"Raimundo Costa, Nº 553 - Centro - Pacajus/CE",7h30-13h30
PACATUBA,Câmara,ANTONIA ADRIANY RODRIGUES DA COSTA,8533451284,,ouvidoria@cmpacatuba.ce.gov.br,https://www.cmpacatuba.ce.gov.br/,"Major Crisanto de Almeida, Nº 195 - Centro - Pacatuba/CE",
PACOTI,Câmara,,(85) 3325-1210,,,https://cmpacoti.ce.gov.br/,,
PACUJÁ,Câmara,,(88) 3641 - 1113,,,https://www.camarapacuja.ce.gov.br/,,
PALHANO,Câmara,,(88) 3415-1010,,,https://www.camarapalhano.ce.gov.br/,,
PALMÁCIA,Câmara,,(85) 3339-1776,,,https://cmpalmacia.ce.gov.br/,,
PARACURU,Câmara,MARCIA DA SILVA PEREIRA,(85)992651124,,ouvidoria@camaradeparacuru.ce.gov.br,https://camaradeparacuru.ce.gov.br/,"Rua: São João Evangelista, Nº 459 - CEP: 62.680-000 - Bairro Paracuru Beach/CE",
PARAIPABA,Câmara,MARIA RUTH CORDEIRO CHAVES RODRIGUES,,,ouvidoria@camaraparaipaba.ce.gov.br,https://www.camaraparaipaba.ce.gov.br/,"Av. Flavio Granjeiro, 27 A - Centro Paraipaba-CE | CEP: 62685-000",
PARAMBU,Câmara,,(88)3448-1191,,,https://www.camaraparambu.ce.gov.br/CAMARAPARAMBU/faces/jsp/inicio.jsp,,
PARAMOTI,Câmara,MARIA CYDALIA BARBOSA GAMA,(85) 992626315,,ouvidoria@paramoti.ce.gov.br,https://www.paramoti.ce.gov.br/secretaria.php?sec=37,"Rua: Santa Ana, Nº 64 - Centro - CEP: 62.736-000 – Paramoti/CE",
PEDRA BRANCA,Câmara,,(88)3515.1244,,,https://www.camarapedrabranca.ce.gov.br/,,
PENAFORTE,Câmara,,(88) 3559-1239,,,https://camarapenaforte.ce.gov.br/,,
PENTECOSTE,Câmara,FRANCISCO JONAS PINTO SILVEIRA,(85) 991108580,,ouvidoria@cmpentecoste.ce.gov.br,https://cmpentecoste.ce.gov.br/,"RUA DR. MOREIRA, 352 - CENTRO - CEP: 62.640-000 – PENTECOSTE/CE",
PEREIRO,Câmara,,,,,https://camarapereiro.ce.gov.br/,,
PINDORETAMA,Câmara,JESSICA HOLANDA PEREIRA,8533751555,,ouvidoria@pindoretama.ce.leg.br,https://pindoretama.ce.leg.br/,Câmara Municipal De Pindoretama,
PIQUET CARNEIRO,Câmara,DANIELE MACHADO DE LIMA,(88) 3516-1699,,secretaria@camarapiquetcarneiro.ce.gov.br,https://www.camarapiquetcarneiro.ce.gov.br/,,
PIRES FERREIRA,Câmara,Ludmila Alves do Nascimento ,88 996043214,,ouvidoriacmpiresferreira@gmail.com,https://cmpiresferreira.ce.gov.br/site,,De 08:00 as 17:00 
PORANGA,Câmara,,(88)36581228,,camara.poranga2015@gmail.com,https://www.poranga.ce.leg.br/ouvidoria,Câmara Municipal de Poranga,8h-14h
PORTEIRAS,Câmara,,,,,https://camaraporteiras.ce.gov.br/,,
POTENGI,Câmara,,(88) 3538-1288,,ouvidoria@camarapotengi.ce.gov.br,https://camarapotengi.ce.gov.br/,"Rua Francisco Guedes, 176 - Centro - CEP 63.160-000 – Potengi-CE",
POTIRETAMA,Câmara,MARIA DO DESTERRO PORTO BESSA MELO,88996615597,,camaramunicipalpotiretama@hotmail.com,https://www.camarapotiretama.ce.gov.br/,"Rua: Edilson Vieira, Nº 554 - Centro - CEP: 62.990-000 – Potiretama-CE",
QUITERIANOPÓLIS,Câmara,,(88) 3657-1006,,,https://camaraquiterianopolis.ce.gov.br/,,
QUIXADÁ,Câmara,,(88) 3412-0442,,,https://www.camaraquixada.ce.gov.br/,,
QUIXELÔ,Câmara,,(88)3579-1212,,,https://www.camaraquixelo.ce.gov.br/,,
QUIXERAMOMBIM,Câmara,Antonia Salete Costa de Lima,(88) 3441-0043,,cmq@cmquixeramobim.ce.gov.br,https://www.cmquixeramobim.ce.gov.br/,"Rua Cônego Pinto de Mendonça, n.º 60",
QUIXERÉ,Câmara,Ana Carolina da Cunha Sousa,(85) 4042-7430,,ouvidoria@camaraquixere.ce.gov.br,https://camaraquixere.ce.gov.br/,"RUA JOSE GONÇALVES LIMA, Nº 1190, CENTRO",
REDENÇÃO,Câmara,Adriana Brito de Lima,(85) 3332-1310,,ouvidoria.cmr@hotmail.com,https://camararedencao.ce.gov.br/,"Avenida da Abolição, s/n, próximo ao CRAS - Centro - Redenção/CE",7h-12h
RERIUTABA,Câmara,,(88) 98214-5757,,,https://camarareriutaba.ce.gov.br/,,
RUSSAS,Câmara,Francisca Tatiana da Silva,,,tatianasilva33m@gmail.com,https://camararussas.ce.gov.br/,,
SABOEIRO,Câmara,,883526000,,camarasaboeiro1920@gmail.com,https://www.camarasaboeiro.ce.gov.br/,,
SALITRE,Câmara,,(88) 3537-1030,,,https://www.camarasalitre.ce.gov.br/,,
SANTA QUITÉRIA,Câmara,,(88) 3628-0801,,,https://camarasantaquiteria.ce.gov.br/,,
SANTANA DO ACARAÚ,Câmara,,(85) 3345-1526,,,https://www.cmsantanadoacarau.ce.gov.br/,,
SANTANA DO CARIRI,Câmara,,(88) 3545-1211,,,https://camarasantanadocariri.ce.gov.br/,,
SÃO BENEDITO,Câmara,João Ferreira Freire,(88) 3626-1238,,cmsb1718@gmail.com,https://www.cmsaobenedito.ce.gov.br/,Câmara Municipal de São Benedito,
SÃO GONÇALO DO AMARANTE,Câmara,,(85) 3361-0171,,ouvidoria@cmaquiraz.ce.gov.br,https://cmsga.ce.gov.br/,Câmara Municipal de Aquiraz,
SÃO JOÃO DO JAGUARIBE,Câmara,,(88) 3420-1527,,cmunicipalsjj@yahoo.com.br,https://cmsaojoaodojaguaribe.ce.gov.br/,"Praça: Celso Chaves, S/N - Centro - CEP: 62.965-000 - São João do Jaguaribe\CE",
SÃO LUIZ DO CURU,Câmara,,(85) 3355-1222,,,https://www.camarasaoluisdocuru.ce.gov.br/,,
SENADOR POMPEU,Câmara,IVONEIDE COUTINHO DE LIMA,(88) 3449-1235,,cmsp@camarasenadorpompeu.ce.gov.br,https://www.camarasenadorpompeu.ce.gov.br/,"RUA PROFESSOR CAVALCANTE, Nº 635 FÁTIMA",
SENADOR SÁ,Câmara,,,,,https://cmsenadorsa.ce.gov.br/home/,,
SOBRAL,Câmara,,(88) 3677-7626,,(88) 3212-0470,https://www.camarasobral.ce.gov.br/,"Rua Conselheiro Rodrigues Júnior, S/N (térreo) - Centro – Sobral-CE",
SOLONÓPOLE,Câmara,MARIA GORETE PINHEIRO MAIA LIMA,(88)3518-1671,,ouvidoria@camarasolonopole.ce.gov.br,https://camarasolonopole.ce.gov.br/ ,"RUA DR. QUEIROZ LIMA, S/N- CENTRO",
TABULEIRO DO NORTE,Câmara,FRANCISCO NEUDO SOARES,88997234086,,ouvidoria@cmtabuleiro.ce.gov.br,https://cmtabuleiro.ce.gov.br/ ,"RUA MAIA ALARCON, 371 - CENTRO - CEP: 62960-000 - TABULEIRO DO NORTE\CE",
TAMBORIL,Câmara,Maria Tainá Gomes Veras,(88) 3617-1176,,ouvidoriatamborilcm@gmail.com,https://www.camaratamboril.ce.gov.br/ ,"R. Jesuíta Adeodato, 210 - Pedrinhas, TAMBORIL - CE, 63750000",
TARRAFAS,Câmara,,(88) 3549-1034,,ouvidoria@camaratarrafas.ce.gov.br,https://camaratarrafas.ce.gov.br/ ,"Avenida Maria Luiza Leite, S/N - Bulandeira - CEP 63.145-000 – Tarrafas-CE",
TAUÁ,Câmara,WELLINGTON RODRIGUES MEDEIROS,8834372599,,ouvidoria@camarataua.ce.gov.br,https://www.camarataua.ce.gov.br/,"Rua: Silvestre Goncalves, Nº 80 - Centro - CEP: 63660-000 - Tauá/CE",
TEJUÇUOCA,Câmara,,(85) 3323-1136,,,https://cmtejucuoca.ce.gov.br/,,
TIANGUÁ,Câmara,ÍTALO DE VASCONCELOS QUEIROZ,(88) 98829-2290,,ouvidoria@camaratiangua.ce.gov.br,https://www.camaratiangua.ce.gov.br/,,
TRAIRI,Câmara,CÂMARA,,,,,,
TURURU,Câmara,LARYSSE MENESES DE SOUSA,88 34545588,,,https://www.camaratururu.ce.gov.br/,Câmara Municipal De Tururu(Rua neném Barroso-N 18),
UBAJARA,Câmara,,(88) 3634-1246,,,https://www.cmubajara.ce.gov.br/,,
UMARI,Câmara,JOSÉ DIOGO FERNANDES ALVES,(88) 98823-8385,,ouvidoria@camaraumari.ce.gov.br,https://www.camaraumari.ce.gov.br/,Câmara Municipal De Umari,
UMIRIM,Câmara,GEANE CARLA LOPES MATIAS,,,cmumirim2024@gmail.com,https://cmumirim.ce.gov.br/,,
URUBURETAMA,Câmara,,,,,https://www.camarauruburetama.ce.gov.br/,,
URUOCA,Câmara,,8836481099,,cmuruoca@gmail.com,https://www.camarauruoca.ce.gov.br/,"Rua: João Rodrigues, 139 - Centro - CEP: 62.460-000 - Uruoca\CE",
VARJOTA,Câmara,JHENIFER MESQUITA DANTAS,,,ouvidoria@camaravarjota.ce.gov.br,https://www.camaravarjota.ce.gov.br/,,
VARZEA ALEGRE,Câmara,HUGO ALVES DA COSTA,(88) 3541-2769,,camara@hotmail.com,https://www.camaravarzeaalegre.ce.gov.br/,Câmara Municipal - Várzea Alegre/CE,8h-14h
VIÇOSA DO CEARÁ,Câmara,João Augusto Freire Alves Beviláqua,(88) 3632-1422,(88) 9 9316-5242,ouvidoriacmvc2025@gmail.com,https://camaravicosadoceara.ce.gov.br/,"Av. Major Felizardo de Pinho Pessoa, Nº 90 - Centro - CEP: 62.300-000 - Viçosa do Ceará/CE","Das 7:30 às 12:00, e das 13:30 até às 17:00"
